date,cash_fraction
2007-01-03,1.0
2007-01-04,1.0
2007-01-05,1.0
2007-01-08,1.0
2007-01-09,1.0
2007-01-10,1.0
2007-01-11,1.0
2007-01-12,1.0
2007-01-16,1.0
2007-01-17,1.0
2007-01-18,1.0
2007-01-19,1.0
2007-01-22,1.0
2007-01-23,1.0
2007-01-24,1.0
2007-01-25,1.0
2007-01-26,1.0
2007-01-29,1.0
2007-01-30,1.0
2007-01-31,1.0
2007-02-01,1.0
2007-02-02,1.0
2007-02-05,1.0
2007-02-06,1.0
2007-02-07,0.8990391297919742
2007-02-08,1.0
2007-02-09,1.0
2007-02-12,1.0
2007-02-13,1.0
2007-02-14,1.0
2007-02-15,1.0
2007-02-16,1.0
2007-02-20,1.0
2007-02-21,1.0
2007-02-22,1.0
2007-02-23,1.0
2007-02-26,1.0
2007-02-27,1.0
2007-02-28,1.0
2007-03-01,1.0
2007-03-02,1.0
2007-03-05,1.0
2007-03-06,1.0
2007-03-07,1.0
2007-03-08,1.0
2007-03-09,1.0
2007-03-12,1.0
2007-03-13,1.0
2007-03-14,1.0
2007-03-15,1.0
2007-03-16,1.0
2007-03-19,1.0
2007-03-20,0.899745153082796
2007-03-21,1.0
2007-03-22,1.0
2007-03-23,0.9004042773760828
2007-03-26,0.9028249985665139
2007-03-27,1.0
2007-03-28,1.0
2007-03-29,1.0
2007-03-30,1.0
2007-04-02,1.0
2007-04-03,1.0
2007-04-04,1.0
2007-04-05,1.0
2007-04-09,1.0
2007-04-10,1.0
2007-04-11,1.0
2007-04-12,1.0
2007-04-13,0.9011480170969381
2007-04-16,1.0
2007-04-17,1.0
2007-04-18,1.0
2007-04-19,1.0
2007-04-20,1.0
2007-04-23,1.0
2007-04-24,1.0
2007-04-25,1.0
2007-04-26,1.0
2007-04-27,1.0
2007-04-30,1.0
2007-05-01,1.0
2007-05-02,1.0
2007-05-03,1.0
2007-05-04,1.0
2007-05-07,1.0
2007-05-08,1.0
2007-05-09,0.9001255352400666
2007-05-10,1.0
2007-05-11,1.0
2007-05-14,1.0
2007-05-15,1.0
2007-05-16,1.0
2007-05-17,1.0
2007-05-18,1.0
2007-05-21,1.0
2007-05-22,0.9019628644037159
2007-05-23,0.9009928279121064
2007-05-24,1.0
2007-05-25,1.0
2007-05-29,0.9013292870382009
2007-05-30,1.0
2007-05-31,0.7991385205388648
2007-06-01,0.7980342174784445
2007-06-04,0.8966823221216337
2007-06-05,0.8981478904973245
2007-06-06,0.8981234199683749
2007-06-07,0.8997164456326227
2007-06-08,0.8987109594479576
2007-06-11,0.8989805049707891
2007-06-12,0.900379826025175
2007-06-13,0.900699582504619
2007-06-14,0.8977475933693531
2007-06-15,1.0
2007-06-18,1.0
2007-06-19,1.0
2007-06-20,1.0
2007-06-21,1.0
2007-06-22,1.0
2007-06-25,1.0
2007-06-26,1.0
2007-06-27,1.0
2007-06-28,1.0
2007-06-29,1.0
2007-07-02,1.0
2007-07-03,1.0
2007-07-05,1.0
2007-07-06,1.0
2007-07-09,1.0
2007-07-10,1.0
2007-07-11,1.0
2007-07-12,0.8975237597594716
2007-07-13,1.0
2007-07-16,0.9004585936243958
2007-07-17,1.0
2007-07-18,1.0
2007-07-19,1.0
2007-07-20,1.0
2007-07-23,1.0
2007-07-24,1.0
2007-07-25,1.0
2007-07-26,1.0
2007-07-27,1.0
2007-07-30,1.0
2007-07-31,1.0
2007-08-01,1.0
2007-08-02,1.0
2007-08-03,1.0
2007-08-06,1.0
2007-08-07,1.0
2007-08-08,1.0
2007-08-09,1.0
2007-08-10,1.0
2007-08-13,1.0
2007-08-14,1.0
2007-08-15,1.0
2007-08-16,1.0
2007-08-17,1.0
2007-08-20,1.0
2007-08-21,1.0
2007-08-22,1.0
2007-08-23,1.0
2007-08-24,1.0
2007-08-27,1.0
2007-08-28,1.0
2007-08-29,1.0
2007-08-30,1.0
2007-08-31,0.9002635202477727
2007-09-04,0.8999653066149165
2007-09-05,1.0
2007-09-06,0.9007265052875882
2007-09-07,1.0
2007-09-10,1.0
2007-09-11,1.0
2007-09-12,0.8011452174808265
2007-09-13,1.0
2007-09-14,1.0
2007-09-17,1.0
2007-09-18,1.0
2007-09-19,1.0
2007-09-20,1.0
2007-09-21,1.0
2007-09-24,1.0
2007-09-25,1.0
2007-09-26,1.0
2007-09-27,1.0
2007-09-28,1.0
2007-10-01,1.0
2007-10-02,1.0
2007-10-03,1.0
2007-10-04,1.0
2007-10-05,1.0
2007-10-08,1.0
2007-10-09,1.0
2007-10-10,1.0
2007-10-11,1.0
2007-10-12,1.0
2007-10-15,1.0
2007-10-16,1.0
2007-10-17,1.0
2007-10-18,1.0
2007-10-19,1.0
2007-10-22,1.0
2007-10-23,1.0
2007-10-24,1.0
2007-10-25,1.0
2007-10-26,1.0
2007-10-29,1.0
2007-10-30,1.0
2007-10-31,1.0
2007-11-01,1.0
2007-11-02,1.0
2007-11-05,1.0
2007-11-06,1.0
2007-11-07,1.0
2007-11-08,1.0
2007-11-09,1.0
2007-11-12,1.0
2007-11-13,1.0
2007-11-14,1.0
2007-11-15,1.0
2007-11-16,1.0
2007-11-19,1.0
2007-11-20,1.0
2007-11-21,1.0
2007-11-23,1.0
2007-11-26,1.0
2007-11-27,1.0
2007-11-28,1.0
2007-11-29,1.0
2007-11-30,1.0
2007-12-03,0.8998098231286096
2007-12-04,0.9007246763608294
2007-12-05,1.0
2007-12-06,0.8989991794137354
2007-12-07,0.9028537433540729
2007-12-10,1.0
2007-12-11,1.0
2007-12-12,1.0
2007-12-13,1.0
2007-12-14,1.0
2007-12-17,1.0
2007-12-18,1.0
2007-12-19,1.0
2007-12-20,1.0
2007-12-21,1.0
2007-12-24,1.0
2007-12-26,1.0
2007-12-27,1.0
2007-12-28,1.0
2007-12-31,1.0
2008-01-02,1.0
2008-01-03,1.0
2008-01-04,1.0
2008-01-07,1.0
2008-01-08,1.0
2008-01-09,1.0
2008-01-10,1.0
2008-01-11,1.0
2008-01-14,1.0
2008-01-15,1.0
2008-01-16,1.0
2008-01-17,1.0
2008-01-18,1.0
2008-01-22,1.0
2008-01-23,1.0
2008-01-24,1.0
2008-01-25,1.0
2008-01-28,1.0
2008-01-29,1.0
2008-01-30,1.0
2008-01-31,1.0
2008-02-01,1.0
2008-02-04,1.0
2008-02-05,1.0
2008-02-06,1.0
2008-02-07,1.0
2008-02-08,1.0
2008-02-11,1.0
2008-02-12,1.0
2008-02-13,1.0
2008-02-14,1.0
2008-02-15,1.0
2008-02-19,1.0
2008-02-20,1.0
2008-02-21,1.0
2008-02-22,1.0
2008-02-25,1.0
2008-02-26,1.0
2008-02-27,1.0
2008-02-28,1.0
2008-02-29,1.0
2008-03-03,1.0
2008-03-04,1.0
2008-03-05,1.0
2008-03-06,1.0
2008-03-07,1.0
2008-03-10,1.0
2008-03-11,1.0
2008-03-12,1.0
2008-03-13,1.0
2008-03-14,1.0
2008-03-17,1.0
2008-03-18,1.0
2008-03-19,1.0
2008-03-20,1.0
2008-03-24,1.0
2008-03-25,1.0
2008-03-26,1.0
2008-03-27,1.0
2008-03-28,1.0
2008-03-31,1.0
2008-04-01,1.0
2008-04-02,1.0
2008-04-03,1.0
2008-04-04,1.0
2008-04-07,1.0
2008-04-08,1.0
2008-04-09,1.0
2008-04-10,1.0
2008-04-11,1.0
2008-04-14,1.0
2008-04-15,1.0
2008-04-16,1.0
2008-04-17,1.0
2008-04-18,1.0
2008-04-21,1.0
2008-04-22,1.0
2008-04-23,1.0
2008-04-24,1.0
2008-04-25,1.0
2008-04-28,1.0
2008-04-29,1.0
2008-04-30,1.0
2008-05-01,1.0
2008-05-02,1.0
2008-05-05,1.0
2008-05-06,1.0
2008-05-07,1.0
2008-05-08,1.0
2008-05-09,1.0
2008-05-12,1.0
2008-05-13,1.0
2008-05-14,1.0
2008-05-15,1.0
2008-05-16,1.0
2008-05-19,0.9008246048690944
2008-05-20,1.0
2008-05-21,1.0
2008-05-22,1.0
2008-05-23,1.0
2008-05-27,1.0
2008-05-28,1.0
2008-05-29,1.0
2008-05-30,1.0
2008-06-02,1.0
2008-06-03,1.0
2008-06-04,1.0
2008-06-05,1.0
2008-06-06,1.0
2008-06-09,1.0
2008-06-10,1.0
2008-06-11,1.0
2008-06-12,1.0
2008-06-13,1.0
2008-06-16,1.0
2008-06-17,1.0
2008-06-18,1.0
2008-06-19,1.0
2008-06-20,1.0
2008-06-23,1.0
2008-06-24,1.0
2008-06-25,1.0
2008-06-26,1.0
2008-06-27,1.0
2008-06-30,1.0
2008-07-01,1.0
2008-07-02,1.0
2008-07-03,1.0
2008-07-07,1.0
2008-07-08,1.0
2008-07-09,1.0
2008-07-10,1.0
2008-07-11,1.0
2008-07-14,1.0
2008-07-15,1.0
2008-07-16,1.0
2008-07-17,1.0
2008-07-18,1.0
2008-07-21,1.0
2008-07-22,1.0
2008-07-23,1.0
2008-07-24,1.0
2008-07-25,1.0
2008-07-28,1.0
2008-07-29,1.0
2008-07-30,1.0
2008-07-31,1.0
2008-08-01,1.0
2008-08-04,1.0
2008-08-05,1.0
2008-08-06,1.0
2008-08-07,1.0
2008-08-08,1.0
2008-08-11,1.0
2008-08-12,1.0
2008-08-13,1.0
2008-08-14,1.0
2008-08-15,1.0
2008-08-18,1.0
2008-08-19,1.0
2008-08-20,1.0
2008-08-21,1.0
2008-08-22,1.0
2008-08-25,1.0
2008-08-26,1.0
2008-08-27,1.0
2008-08-28,1.0
2008-08-29,1.0
2008-09-02,1.0
2008-09-03,1.0
2008-09-04,1.0
2008-09-05,1.0
2008-09-08,1.0
2008-09-09,1.0
2008-09-10,1.0
2008-09-11,1.0
2008-09-12,1.0
2008-09-15,1.0
2008-09-16,1.0
2008-09-17,1.0
2008-09-18,1.0
2008-09-19,1.0
2008-09-22,1.0
2008-09-23,1.0
2008-09-24,1.0
2008-09-25,1.0
2008-09-26,1.0
2008-09-29,1.0
2008-09-30,1.0
2008-10-01,1.0
2008-10-02,1.0
2008-10-03,1.0
2008-10-06,1.0
2008-10-07,1.0
2008-10-08,1.0
2008-10-09,1.0
2008-10-10,1.0
2008-10-13,1.0
2008-10-14,1.0
2008-10-15,1.0
2008-10-16,1.0
2008-10-17,1.0
2008-10-20,1.0
2008-10-21,1.0
2008-10-22,1.0
2008-10-23,1.0
2008-10-24,1.0
2008-10-27,1.0
2008-10-28,1.0
2008-10-29,1.0
2008-10-30,1.0
2008-10-31,1.0
2008-11-03,1.0
2008-11-04,1.0
2008-11-05,1.0
2008-11-06,1.0
2008-11-07,1.0
2008-11-10,1.0
2008-11-11,1.0
2008-11-12,1.0
2008-11-13,1.0
2008-11-14,1.0
2008-11-17,1.0
2008-11-18,1.0
2008-11-19,1.0
2008-11-20,1.0
2008-11-21,1.0
2008-11-24,1.0
2008-11-25,1.0
2008-11-26,1.0
2008-11-28,1.0
2008-12-01,1.0
2008-12-02,1.0
2008-12-03,1.0
2008-12-04,1.0
2008-12-05,1.0
2008-12-08,1.0
2008-12-09,1.0
2008-12-10,1.0
2008-12-11,1.0
2008-12-12,1.0
2008-12-15,1.0
2008-12-16,1.0
2008-12-17,1.0
2008-12-18,1.0
2008-12-19,1.0
2008-12-22,1.0
2008-12-23,1.0
2008-12-24,1.0
2008-12-26,1.0
2008-12-29,1.0
2008-12-30,1.0
2008-12-31,1.0
2009-01-02,1.0
2009-01-05,1.0
2009-01-06,1.0
2009-01-07,1.0
2009-01-08,1.0
2009-01-09,1.0
2009-01-12,1.0
2009-01-13,1.0
2009-01-14,1.0
2009-01-15,1.0
2009-01-16,1.0
2009-01-20,1.0
2009-01-21,1.0
2009-01-22,1.0
2009-01-23,1.0
2009-01-26,1.0
2009-01-27,1.0
2009-01-28,1.0
2009-01-29,1.0
2009-01-30,1.0
2009-02-02,1.0
2009-02-03,1.0
2009-02-04,1.0
2009-02-05,1.0
2009-02-06,1.0
2009-02-09,1.0
2009-02-10,1.0
2009-02-11,1.0
2009-02-12,1.0
2009-02-13,1.0
2009-02-17,1.0
2009-02-18,1.0
2009-02-19,1.0
2009-02-20,1.0
2009-02-23,1.0
2009-02-24,1.0
2009-02-25,1.0
2009-02-26,1.0
2009-02-27,1.0
2009-03-02,1.0
2009-03-03,1.0
2009-03-04,1.0
2009-03-05,1.0
2009-03-06,1.0
2009-03-09,1.0
2009-03-10,1.0
2009-03-11,1.0
2009-03-12,1.0
2009-03-13,1.0
2009-03-16,1.0
2009-03-17,1.0
2009-03-18,1.0
2009-03-19,1.0
2009-03-20,1.0
2009-03-23,1.0
2009-03-24,1.0
2009-03-25,1.0
2009-03-26,1.0
2009-03-27,1.0
2009-03-30,1.0
2009-03-31,1.0
2009-04-01,1.0
2009-04-02,1.0
2009-04-03,1.0
2009-04-06,1.0
2009-04-07,1.0
2009-04-08,1.0
2009-04-09,1.0
2009-04-13,1.0
2009-04-14,1.0
2009-04-15,1.0
2009-04-16,1.0
2009-04-17,1.0
2009-04-20,1.0
2009-04-21,1.0
2009-04-22,1.0
2009-04-23,1.0
2009-04-24,1.0
2009-04-27,1.0
2009-04-28,1.0
2009-04-29,1.0
2009-04-30,1.0
2009-05-01,1.0
2009-05-04,1.0
2009-05-05,1.0
2009-05-06,1.0
2009-05-07,1.0
2009-05-08,1.0
2009-05-11,1.0
2009-05-12,1.0
2009-05-13,1.0
2009-05-14,1.0
2009-05-15,1.0
2009-05-18,1.0
2009-05-19,1.0
2009-05-20,1.0
2009-05-21,1.0
2009-05-22,1.0
2009-05-26,1.0
2009-05-27,1.0
2009-05-28,1.0
2009-05-29,1.0
2009-06-01,1.0
2009-06-02,1.0
2009-06-03,1.0
2009-06-04,1.0
2009-06-05,1.0
2009-06-08,1.0
2009-06-09,1.0
2009-06-10,1.0
2009-06-11,1.0
2009-06-12,1.0
2009-06-15,1.0
2009-06-16,1.0
2009-06-17,1.0
2009-06-18,1.0
2009-06-19,1.0
2009-06-22,1.0
2009-06-23,1.0
2009-06-24,1.0
2009-06-25,1.0
2009-06-26,0.8995503694904214
2009-06-29,1.0
2009-06-30,1.0
2009-07-01,1.0
2009-07-02,1.0
2009-07-06,1.0
2009-07-07,1.0
2009-07-08,1.0
2009-07-09,1.0
2009-07-10,1.0
2009-07-13,1.0
2009-07-14,1.0
2009-07-15,0.8971766064389288
2009-07-16,1.0
2009-07-17,1.0
2009-07-20,1.0
2009-07-21,1.0
2009-07-22,1.0
2009-07-23,1.0
2009-07-24,1.0
2009-07-27,1.0
2009-07-28,1.0
2009-07-29,1.0
2009-07-30,1.0
2009-07-31,1.0
2009-08-03,1.0
2009-08-04,1.0
2009-08-05,1.0
2009-08-06,1.0
2009-08-07,1.0
2009-08-10,1.0
2009-08-11,1.0
2009-08-12,1.0
2009-08-13,1.0
2009-08-14,1.0
2009-08-17,1.0
2009-08-18,1.0
2009-08-19,1.0
2009-08-20,1.0
2009-08-21,0.8996451398416994
2009-08-24,0.9029432906359187
2009-08-25,0.902772732477401
2009-08-26,0.9028409427167209
2009-08-27,0.9027045149111804
2009-08-28,0.903421327204284
2009-08-31,0.9047213785592244
2009-09-01,0.9059564758432374
2009-09-02,1.0
2009-09-03,1.0
2009-09-04,1.0
2009-09-08,0.8964065805655497
2009-09-09,0.8000613633217274
2009-09-10,1.0
2009-09-11,1.0
2009-09-14,1.0
2009-09-15,0.9010341510295586
2009-09-16,0.8994670030313886
2009-09-17,1.0
2009-09-18,1.0
2009-09-21,1.0
2009-09-22,1.0
2009-09-23,1.0
2009-09-24,1.0
2009-09-25,1.0
2009-09-28,1.0
2009-09-29,1.0
2009-09-30,1.0
2009-10-01,1.0
2009-10-02,1.0
2009-10-05,1.0
2009-10-06,1.0
2009-10-07,0.8992828288444888
2009-10-08,0.6976662465211227
2009-10-09,0.8989588747645257
2009-10-12,0.9001041124314739
2009-10-13,0.8991271244015592
2009-10-14,0.8974810668047648
2009-10-15,0.8945067025549344
2009-10-16,0.8936747695437557
2009-10-19,0.8946733058012759
2009-10-20,0.8956406579139738
2009-10-21,0.89637595231686
2009-10-22,0.8948732646949885
2009-10-23,0.896309030176527
2009-10-26,0.8994637636267666
2009-10-27,0.9023695654191024
2009-10-28,0.9047826830804291
2009-10-29,1.0
2009-10-30,1.0
2009-11-02,1.0
2009-11-03,1.0
2009-11-04,1.0
2009-11-05,1.0
2009-11-06,1.0
2009-11-09,1.0
2009-11-10,1.0
2009-11-11,0.9003090581281644
2009-11-12,1.0
2009-11-13,0.8997949494526483
2009-11-16,1.0
2009-11-17,0.8995702156894771
2009-11-18,1.0
2009-11-19,1.0
2009-11-20,0.901987291729199
2009-11-23,1.0
2009-11-24,1.0
2009-11-25,1.0
2009-11-27,1.0
2009-11-30,1.0
2009-12-01,1.0
2009-12-02,1.0
2009-12-03,1.0
2009-12-04,1.0
2009-12-07,1.0
2009-12-08,1.0
2009-12-09,1.0
2009-12-10,1.0
2009-12-11,1.0
2009-12-14,0.7987366092140215
2009-12-15,0.8999624269071752
2009-12-16,0.898758148376615
2009-12-17,1.0
2009-12-18,0.8975185283496034
2009-12-21,0.7936189349978703
2009-12-22,0.893226022241822
2009-12-23,0.8914904648338731
2009-12-24,0.8914105108368052
2009-12-28,0.89013345228192
2009-12-29,0.888780554417876
2009-12-30,0.8896024161247649
2009-12-31,0.8899342330029951
2010-01-04,0.8885422423796852
2010-01-05,0.8889659920520827
2010-01-06,0.8891382674025438
2010-01-07,0.8895758588096964
2010-01-08,0.8894299608821479
2010-01-11,0.8900935951054243
2010-01-12,0.8972704969063775
2010-01-13,0.8969871653259868
2010-01-14,0.8960573593400198
2010-01-15,0.896811845783321
2010-01-19,0.8956402573780531
2010-01-20,0.8969197258159507
2010-01-21,0.8991777504401682
2010-01-22,1.0
2010-01-25,1.0
2010-01-26,1.0
2010-01-27,0.8951549282510833
2010-01-28,0.8989787750534928
2010-01-29,0.9052787617938425
2010-02-01,0.9001755822514784
2010-02-02,0.8957100282070632
2010-02-03,0.8973540982756428
2010-02-04,0.899309481597746
2010-02-05,0.9014267944861416
2010-02-08,0.9019129314478355
2010-02-09,0.9007369796190347
2010-02-10,0.9000991501678427
2010-02-11,0.898775329278256
2010-02-12,0.8996149455578946
2010-02-16,0.8985466418270713
2010-02-17,0.6951789161072559
2010-02-18,0.8960312239983216
2010-02-19,0.6953443089590625
2010-02-22,0.8974355017757398
2010-02-23,0.8971576172979794
2010-02-24,0.8970566469721365
2010-02-25,0.8965268115915055
2010-02-26,0.8985232344023578
2010-03-01,0.8984472661950417
2010-03-02,0.7977174418180115
2010-03-03,0.9001880633918529
2010-03-04,0.9012290669064489
2010-03-05,1.0
2010-03-08,1.0
2010-03-09,1.0
2010-03-10,1.0
2010-03-11,1.0
2010-03-12,1.0
2010-03-15,1.0
2010-03-16,1.0
2010-03-17,1.0
2010-03-18,1.0
2010-03-19,1.0
2010-03-22,1.0
2010-03-23,1.0
2010-03-24,1.0
2010-03-25,1.0
2010-03-26,1.0
2010-03-29,1.0
2010-03-30,1.0
2010-03-31,1.0
2010-04-01,1.0
2010-04-05,1.0
2010-04-06,1.0
2010-04-07,1.0
2010-04-08,1.0
2010-04-09,0.9001863204500574
2010-04-12,1.0
2010-04-13,1.0
2010-04-14,1.0
2010-04-15,1.0
2010-04-16,1.0
2010-04-19,1.0
2010-04-20,1.0
2010-04-21,1.0
2010-04-22,1.0
2010-04-23,1.0
2010-04-26,1.0
2010-04-27,1.0
2010-04-28,1.0
2010-04-29,1.0
2010-04-30,0.9014049511330741
2010-05-03,1.0
2010-05-04,1.0
2010-05-05,1.0
2010-05-06,1.0
2010-05-07,1.0
2010-05-10,1.0
2010-05-11,1.0
2010-05-12,1.0
2010-05-13,1.0
2010-05-14,1.0
2010-05-17,1.0
2010-05-18,0.9045767891589381
2010-05-19,1.0
2010-05-20,1.0
2010-05-21,1.0
2010-05-24,1.0
2010-05-25,1.0
2010-05-26,1.0
2010-05-27,1.0
2010-05-28,1.0
2010-06-01,1.0
2010-06-02,1.0
2010-06-03,1.0
2010-06-04,1.0
2010-06-07,1.0
2010-06-08,1.0
2010-06-09,1.0
2010-06-10,1.0
2010-06-11,1.0
2010-06-14,1.0
2010-06-15,1.0
2010-06-16,1.0
2010-06-17,1.0
2010-06-18,1.0
2010-06-21,1.0
2010-06-22,1.0
2010-06-23,1.0
2010-06-24,1.0
2010-06-25,1.0
2010-06-28,1.0
2010-06-29,1.0
2010-06-30,1.0
2010-07-01,1.0
2010-07-02,1.0
2010-07-06,1.0
2010-07-07,1.0
2010-07-08,1.0
2010-07-09,1.0
2010-07-12,1.0
2010-07-13,1.0
2010-07-14,1.0
2010-07-15,1.0
2010-07-16,1.0
2010-07-19,1.0
2010-07-20,1.0
2010-07-21,1.0
2010-07-22,1.0
2010-07-23,1.0
2010-07-26,1.0
2010-07-27,1.0
2010-07-28,1.0
2010-07-29,1.0
2010-07-30,1.0
2010-08-02,1.0
2010-08-03,1.0
2010-08-04,1.0
2010-08-05,1.0
2010-08-06,1.0
2010-08-09,1.0
2010-08-10,1.0
2010-08-11,1.0
2010-08-12,1.0
2010-08-13,1.0
2010-08-16,1.0
2010-08-17,1.0
2010-08-18,1.0
2010-08-19,1.0
2010-08-20,1.0
2010-08-23,1.0
2010-08-24,1.0
2010-08-25,1.0
2010-08-26,1.0
2010-08-27,1.0
2010-08-30,1.0
2010-08-31,1.0
2010-09-01,1.0
2010-09-02,1.0
2010-09-03,1.0
2010-09-07,1.0
2010-09-08,1.0
2010-09-09,1.0
2010-09-10,1.0
2010-09-13,1.0
2010-09-14,1.0
2010-09-15,1.0
2010-09-16,1.0
2010-09-17,1.0
2010-09-20,1.0
2010-09-21,1.0
2010-09-22,1.0
2010-09-23,1.0
2010-09-24,1.0
2010-09-27,1.0
2010-09-28,1.0
2010-09-29,1.0
2010-09-30,1.0
2010-10-01,1.0
2010-10-04,1.0
2010-10-05,1.0
2010-10-06,1.0
2010-10-07,1.0
2010-10-08,1.0
2010-10-11,1.0
2010-10-12,0.8997735487852653
2010-10-13,1.0
2010-10-14,1.0
2010-10-15,1.0
2010-10-18,0.8992302705287161
2010-10-19,1.0
2010-10-20,1.0
2010-10-21,1.0
2010-10-22,1.0
2010-10-25,1.0
2010-10-26,1.0
2010-10-27,1.0
2010-10-28,1.0
2010-10-29,0.8997034345601996
2010-11-01,1.0
2010-11-02,1.0
2010-11-03,1.0
2010-11-04,0.8973127284456721
2010-11-05,1.0
2010-11-08,1.0
2010-11-09,1.0
2010-11-10,1.0
2010-11-11,1.0
2010-11-12,1.0
2010-11-15,1.0
2010-11-16,1.0
2010-11-17,1.0
2010-11-18,1.0
2010-11-19,1.0
2010-11-22,1.0
2010-11-23,1.0
2010-11-24,1.0
2010-11-26,1.0
2010-11-29,0.8998802996095805
2010-11-30,1.0
2010-12-01,1.0
2010-12-02,0.9018708496807081
2010-12-03,1.0
2010-12-06,0.8967774362168369
2010-12-07,0.8968968584825397
2010-12-08,0.8964193715352774
2010-12-09,0.8988418920894073
2010-12-10,0.8955849887511128
2010-12-13,0.8970163068623404
2010-12-14,0.897225422376993
2010-12-15,0.8988119038989314
2010-12-16,0.8997424463070038
2010-12-17,0.8995021217370165
2010-12-20,0.900253563363845
2010-12-21,0.8999828993287926
2010-12-22,0.9020621571700421
2010-12-23,1.0
2010-12-27,1.0
2010-12-28,1.0
2010-12-29,1.0
2010-12-30,1.0
2010-12-31,1.0
2011-01-03,1.0
2011-01-04,1.0
2011-01-05,0.8983064235000184
2011-01-06,1.0
2011-01-07,1.0
2011-01-10,1.0
2011-01-11,0.9024509617340188
2011-01-12,1.0
2011-01-13,1.0
2011-01-14,1.0
2011-01-18,1.0
2011-01-19,1.0
2011-01-20,1.0
2011-01-21,1.0
2011-01-24,1.0
2011-01-25,1.0
2011-01-26,0.8984602327721843
2011-01-27,1.0
2011-01-28,1.0
2011-01-31,1.0
2011-02-01,1.0
2011-02-02,1.0
2011-02-03,1.0
2011-02-04,1.0
2011-02-07,0.8980318997753527
2011-02-08,1.0
2011-02-09,1.0
2011-02-10,1.0
2011-02-11,0.7977566360564157
2011-02-14,1.0
2011-02-15,1.0
2011-02-16,1.0
2011-02-17,1.0
2011-02-18,1.0
2011-02-22,1.0
2011-02-23,1.0
2011-02-24,1.0
2011-02-25,1.0
2011-02-28,1.0
2011-03-01,1.0
2011-03-02,1.0
2011-03-03,1.0
2011-03-04,1.0
2011-03-07,1.0
2011-03-08,1.0
2011-03-09,1.0
2011-03-10,1.0
2011-03-11,0.897325550681972
2011-03-14,0.896772345192452
2011-03-15,0.8975100910398273
2011-03-16,0.9004112777106347
2011-03-17,0.900039877275744
2011-03-18,0.8983106636146255
2011-03-21,0.8948109525104566
2011-03-22,0.8970181125160379
2011-03-23,0.898064187605125
2011-03-24,0.7963152996141416
2011-03-25,0.7957284656411565
2011-03-28,0.8997654787148321
2011-03-29,0.8987144048838184
2011-03-30,0.7966401504595335
2011-03-31,0.8973039902770711
2011-04-01,0.7967549488204569
2011-04-04,0.8969650352270395
2011-04-05,0.8951229108123597
2011-04-06,0.895858837398819
2011-04-07,0.8966574760720709
2011-04-08,0.8970881074300878
2011-04-11,0.8994948899596863
2011-04-12,0.8969650352270395
2011-04-13,0.8970265473397226
2011-04-14,0.8980739352546988
2011-04-15,0.8961658422512926
2011-04-18,0.8955520625217867
2011-04-19,0.8947553843529543
2011-04-20,0.893593563021085
2011-04-21,0.8912182286207366
2011-04-25,0.8895811288714697
2011-04-26,0.8906111791011391
2011-04-27,0.8900049754562529
2011-04-28,0.8897627159258769
2011-04-29,0.8781107760670754
2011-05-02,0.8804760226490493
2011-05-03,0.8810099230029803
2011-05-04,0.881425652140059
2011-05-05,0.882198753266145
2011-05-06,0.8816039246255549
2011-05-09,0.8776393214930591
2011-05-10,0.8747622729697437
2011-05-11,0.8800019431164873
2011-05-12,0.8790553582657543
2011-05-13,0.8803574596449961
2011-05-16,0.8816039246255549
2011-05-17,0.8850051640150746
2011-05-18,0.882317800028762
2011-05-19,0.8806539175194619
2011-05-20,0.8815444776031622
2011-05-23,0.8832714278571228
2011-05-24,0.8865051731154251
2011-05-25,0.6817397826944585
2011-05-26,0.8823743914629026
2011-05-27,0.7820699030659694
2011-05-31,0.8810771876656248
2011-06-01,0.7890838288132025
2011-06-02,0.7870332417224194
2011-06-03,0.8875703512252504
2011-06-06,0.8902985922511419
2011-06-07,1.0
2011-06-08,1.0
2011-06-09,1.0
2011-06-10,1.0
2011-06-13,1.0
2011-06-14,1.0
2011-06-15,1.0
2011-06-16,1.0
2011-06-17,1.0
2011-06-20,1.0
2011-06-21,1.0
2011-06-22,1.0
2011-06-23,1.0
2011-06-24,1.0
2011-06-27,1.0
2011-06-28,1.0
2011-06-29,1.0
2011-06-30,1.0
2011-07-01,1.0
2011-07-05,1.0
2011-07-06,1.0
2011-07-07,1.0
2011-07-08,1.0
2011-07-11,1.0
2011-07-12,1.0
2011-07-13,1.0
2011-07-14,1.0
2011-07-15,1.0
2011-07-18,1.0
2011-07-19,1.0
2011-07-20,1.0
2011-07-21,1.0
2011-07-22,1.0
2011-07-25,0.8987866199213437
2011-07-26,1.0
2011-07-27,1.0
2011-07-28,1.0
2011-07-29,1.0
2011-08-01,1.0
2011-08-02,1.0
2011-08-03,1.0
2011-08-04,1.0
2011-08-05,1.0
2011-08-08,1.0
2011-08-09,1.0
2011-08-10,1.0
2011-08-11,1.0
2011-08-12,1.0
2011-08-15,1.0
2011-08-16,1.0
2011-08-17,1.0
2011-08-18,1.0
2011-08-19,1.0
2011-08-22,1.0
2011-08-23,1.0
2011-08-24,1.0
2011-08-25,1.0
2011-08-26,1.0
2011-08-29,1.0
2011-08-30,1.0
2011-08-31,1.0
2011-09-01,1.0
2011-09-02,1.0
2011-09-06,1.0
2011-09-07,1.0
2011-09-08,1.0
2011-09-09,1.0
2011-09-12,1.0
2011-09-13,1.0
2011-09-14,1.0
2011-09-15,1.0
2011-09-16,1.0
2011-09-19,1.0
2011-09-20,1.0
2011-09-21,1.0
2011-09-22,1.0
2011-09-23,1.0
2011-09-26,1.0
2011-09-27,1.0
2011-09-28,1.0
2011-09-29,1.0
2011-09-30,1.0
2011-10-03,1.0
2011-10-04,1.0
2011-10-05,1.0
2011-10-06,1.0
2011-10-07,1.0
2011-10-10,1.0
2011-10-11,1.0
2011-10-12,1.0
2011-10-13,1.0
2011-10-14,1.0
2011-10-17,1.0
2011-10-18,1.0
2011-10-19,1.0
2011-10-20,1.0
2011-10-21,1.0
2011-10-24,1.0
2011-10-25,1.0
2011-10-26,1.0
2011-10-27,1.0
2011-10-28,1.0
2011-10-31,1.0
2011-11-01,1.0
2011-11-02,1.0
2011-11-03,1.0
2011-11-04,1.0
2011-11-07,1.0
2011-11-08,1.0
2011-11-09,1.0
2011-11-10,1.0
2011-11-11,1.0
2011-11-14,1.0
2011-11-15,1.0
2011-11-16,1.0
2011-11-17,1.0
2011-11-18,1.0
2011-11-21,1.0
2011-11-22,1.0
2011-11-23,1.0
2011-11-25,1.0
2011-11-28,1.0
2011-11-29,1.0
2011-11-30,1.0
2011-12-01,1.0
2011-12-02,1.0
2011-12-05,1.0
2011-12-06,1.0
2011-12-07,1.0
2011-12-08,1.0
2011-12-09,1.0
2011-12-12,1.0
2011-12-13,1.0
2011-12-14,1.0
2011-12-15,1.0
2011-12-16,1.0
2011-12-19,1.0
2011-12-20,1.0
2011-12-21,1.0
2011-12-22,1.0
2011-12-23,0.8996332828675903
2011-12-27,1.0
2011-12-28,1.0
2011-12-29,1.0
2011-12-30,1.0
2012-01-03,0.9031739673494251
2012-01-04,1.0
2012-01-05,1.0
2012-01-06,1.0
2012-01-09,1.0
2012-01-10,1.0
2012-01-11,1.0
2012-01-12,0.9013182909577285
2012-01-13,0.8998231541929578
2012-01-17,1.0
2012-01-18,1.0
2012-01-19,1.0
2012-01-20,1.0
2012-01-23,1.0
2012-01-24,1.0
2012-01-25,1.0
2012-01-26,1.0
2012-01-27,1.0
2012-01-30,1.0
2012-01-31,1.0
2012-02-01,1.0
2012-02-02,1.0
2012-02-03,1.0
2012-02-06,1.0
2012-02-07,1.0
2012-02-08,1.0
2012-02-09,1.0
2012-02-10,1.0
2012-02-13,1.0
2012-02-14,1.0
2012-02-15,1.0
2012-02-16,1.0
2012-02-17,1.0
2012-02-21,0.8987525995816038
2012-02-22,0.8995018159624144
2012-02-23,0.89717499355059
2012-02-24,0.8946540739533415
2012-02-27,0.8941186629733309
2012-02-28,0.8919014727346244
2012-02-29,0.8917376781113729
2012-03-01,0.8907970038586985
2012-03-02,0.8923112343935244
2012-03-05,0.894818949659513
2012-03-06,0.8976311003716024
2012-03-07,0.8949838782806852
2012-03-08,0.8923112343935244
2012-03-09,0.7908925230121131
2012-03-12,0.8924484790776358
2012-03-13,0.8902806824930027
2012-03-14,0.8895875811036565
2012-03-15,0.8880015986507056
2012-03-16,0.8890176042675357
2012-03-19,0.8886109216070818
2012-03-20,0.8896283228128099
2012-03-21,0.8883264673832478
2012-03-22,0.8886922299213571
2012-03-23,0.8882858448245183
2012-03-26,0.8874741963468826
2012-03-27,0.7906389864154124
2012-03-28,0.8905698117314353
2012-03-29,0.8906517084735641
2012-03-30,0.8905698117314353
2012-04-02,0.7900362351560033
2012-04-03,0.8904682442662673
2012-04-04,0.8932224576982326
2012-04-05,0.89272791055247
2012-04-09,0.8933049289432591
2012-04-10,0.89458528207046
2012-04-11,0.8924808462092388
2012-04-12,0.8899358066778844
2012-04-13,0.8921105020737505
2012-04-16,0.7933726286523439
2012-04-17,0.8906484002733165
2012-04-18,0.8902385081623151
2012-04-19,0.8938998570814176
2012-04-20,0.9001011716543605
2012-04-23,1.0
2012-04-24,1.0
2012-04-25,1.0
2012-04-26,1.0
2012-04-27,1.0
2012-04-30,1.0
2012-05-01,0.8011019354436599
2012-05-02,0.8984805849649566
2012-05-03,0.8998357861867673
2012-05-04,0.9051371895812115
2012-05-07,1.0
2012-05-08,1.0
2012-05-09,1.0
2012-05-10,1.0
2012-05-11,1.0
2012-05-14,1.0
2012-05-15,1.0
2012-05-16,1.0
2012-05-17,1.0
2012-05-18,1.0
2012-05-21,1.0
2012-05-22,1.0
2012-05-23,1.0
2012-05-24,1.0
2012-05-25,1.0
2012-05-29,1.0
2012-05-30,1.0
2012-05-31,1.0
2012-06-01,1.0
2012-06-04,1.0
2012-06-05,1.0
2012-06-06,1.0
2012-06-07,1.0
2012-06-08,1.0
2012-06-11,1.0
2012-06-12,1.0
2012-06-13,1.0
2012-06-14,1.0
2012-06-15,0.7994309884874344
2012-06-18,1.0
2012-06-19,1.0
2012-06-20,1.0
2012-06-21,1.0
2012-06-22,1.0
2012-06-25,1.0
2012-06-26,1.0
2012-06-27,1.0
2012-06-28,1.0
2012-06-29,1.0
2012-07-02,1.0
2012-07-03,0.8996275177363816
2012-07-05,1.0
2012-07-06,1.0
2012-07-09,1.0
2012-07-10,0.901070084398052
2012-07-11,1.0
2012-07-12,1.0
2012-07-13,1.0
2012-07-16,1.0
2012-07-17,1.0
2012-07-18,1.0
2012-07-19,1.0
2012-07-20,1.0
2012-07-23,1.0
2012-07-24,1.0
2012-07-25,1.0
2012-07-26,1.0
2012-07-27,1.0
2012-07-30,1.0
2012-07-31,1.0
2012-08-01,1.0
2012-08-02,1.0
2012-08-03,1.0
2012-08-06,1.0
2012-08-07,1.0
2012-08-08,1.0
2012-08-09,1.0
2012-08-10,1.0
2012-08-13,0.8999715076654483
2012-08-14,0.9020117598448929
2012-08-15,1.0
2012-08-16,1.0
2012-08-17,1.0
2012-08-20,1.0
2012-08-21,1.0
2012-08-22,1.0
2012-08-23,1.0
2012-08-24,1.0
2012-08-27,1.0
2012-08-28,1.0
2012-08-29,0.8998254898684842
2012-08-30,1.0
2012-08-31,1.0
2012-09-04,0.9003221676666736
2012-09-05,0.9006608059883993
2012-09-06,0.9011127140020522
2012-09-07,0.9010373614023925
2012-09-10,0.9010373614023925
2012-09-11,0.9026979789323784
2012-09-12,1.0
2012-09-13,1.0
2012-09-14,1.0
2012-09-17,1.0
2012-09-18,1.0
2012-09-19,1.0
2012-09-20,1.0
2012-09-21,1.0
2012-09-24,1.0
2012-09-25,1.0
2012-09-26,1.0
2012-09-27,1.0
2012-09-28,1.0
2012-10-01,1.0
2012-10-02,1.0
2012-10-03,0.8992910073861256
2012-10-04,0.8981833950079063
2012-10-05,0.8943020213055755
2012-10-08,0.8939105317531901
2012-10-09,0.8980253608236044
2012-10-10,0.7971759750246231
2012-10-11,0.8968762017040701
2012-10-12,0.8974020169010706
2012-10-15,0.7958604866849135
2012-10-16,0.6979915907996581
2012-10-17,0.6949731697421769
2012-10-18,0.8935897477033651
2012-10-19,0.8952956086550008
2012-10-22,0.8955849513839202
2012-10-23,0.8962959743273261
2012-10-24,0.8970080911245545
2012-10-25,0.7953414535572162
2012-10-26,0.8955887814549088
2012-10-31,0.8961414923883362
2012-11-01,0.8949842077280026
2012-11-02,0.8949054239669642
2012-11-05,0.8951418467661552
2012-11-06,0.8934632431394084
2012-11-07,0.8950104760490418
2012-11-08,0.8974074373948437
2012-11-09,0.895930869679628
2012-11-12,0.8972489994533958
2012-11-13,0.8989153540705911
2012-11-14,1.0
2012-11-15,1.0
2012-11-16,1.0
2012-11-19,1.0
2012-11-20,1.0
2012-11-21,1.0
2012-11-23,0.9010570461181109
2012-11-26,1.0
2012-11-27,1.0
2012-11-28,1.0
2012-11-29,1.0
2012-11-30,1.0
2012-12-03,1.0
2012-12-04,1.0
2012-12-05,1.0
2012-12-06,1.0
2012-12-07,1.0
2012-12-10,0.8998799817152248
2012-12-11,0.7998099356445826
2012-12-12,1.0
2012-12-13,1.0
2012-12-14,1.0
2012-12-17,1.0
2012-12-18,1.0
2012-12-19,1.0
2012-12-20,1.0
2012-12-21,1.0
2012-12-24,1.0
2012-12-26,1.0
2012-12-27,1.0
2012-12-28,0.9012533551212562
2012-12-31,1.0
2013-01-02,0.7008475886213386
2013-01-03,0.798566559030313
2013-01-04,0.8977305227853881
2013-01-07,0.8988881615908311
2013-01-08,0.8989935584737123
2013-01-09,0.8979407845510463
2013-01-10,0.8977305227853881
2013-01-11,0.8965758200250941
2013-01-14,0.7961109244226143
2013-01-15,0.8978705112833358
2013-01-16,0.8983434036920854
2013-01-17,0.8976604547248256
2013-01-18,0.8961930082859423
2013-01-22,0.8970834207952594
2013-01-23,0.796897249806277
2013-01-24,0.8963887625002084
2013-01-25,0.8931007570267695
2013-01-28,0.8942983119836735
2013-01-29,0.8935169149584874
2013-01-30,0.8938292932121283
2013-01-31,0.8929447605352591
2013-02-01,0.892113800051122
2013-02-04,0.8935689559082138
2013-02-05,0.893048694465783
2013-02-06,0.8935169149584874
2013-02-07,0.8957083123270978
2013-02-08,0.8960745581772189
2013-02-11,0.8960745581772189
2013-02-12,0.8846023824406998
2013-02-13,0.8828204464663029
2013-02-14,0.8840925136076592
2013-02-15,0.8846534105001161
2013-02-19,0.884755450317112
2013-02-20,0.8911808472072
2013-02-21,0.8916470830358315
2013-02-22,0.8901981816982447
2013-02-25,0.8949244365513727
2013-02-26,0.8912326232792414
2013-02-27,0.8887539884234281
2013-02-28,0.8884451332525223
2013-03-01,0.8886510242643901
2013-03-04,0.8871605394268213
2013-03-05,0.7850708462797413
2013-03-06,0.8851847362286254
2013-03-07,0.8848271619265862
2013-03-08,0.8849292450627363
2013-03-11,0.8853891115586483
2013-03-12,0.8868741155544063
2013-03-13,0.7839791807354506
2013-03-14,0.8832502903144591
2013-03-15,0.7847569923659108
2013-03-18,0.8831616651117247
2013-03-19,0.8821931278283228
2013-03-20,0.8795025401177384
2013-03-21,0.8815316639361672
2013-03-22,0.881226699023717
2013-03-25,0.8814808263048608
2013-03-26,0.780909226049188
2013-03-27,0.7810210836301713
2013-03-28,0.8829278621483323
2013-04-01,0.8847693620328243
2013-04-02,0.8860526296332093
2013-04-03,0.8879402059426185
2013-04-04,1.0
2013-04-05,1.0
2013-04-08,1.0
2013-04-09,0.8997841795196575
2013-04-10,1.0
2013-04-11,1.0
2013-04-12,1.0
2013-04-15,1.0
2013-04-16,1.0
2013-04-17,1.0
2013-04-18,1.0
2013-04-19,1.0
2013-04-22,0.8996709610162603
2013-04-23,0.7996279426645021
2013-04-24,0.9008421640549027
2013-04-25,0.8967411486671283
2013-04-26,0.8975994836814503
2013-04-29,0.8950293995850035
2013-04-30,0.8958401883114006
2013-05-01,0.8969925616501742
2013-05-02,0.7946587285064186
2013-05-03,0.8949211815786241
2013-05-06,0.8953621340033775
2013-05-07,0.8928984064322909
2013-05-08,0.7941172706699144
2013-05-09,0.8933115631270031
2013-05-10,0.8932381959153824
2013-05-13,0.8933262290591747
2013-05-14,0.8920221296905628
2013-05-15,0.8900658244080251
2013-05-16,0.8888147952781532
2013-05-17,0.8879440677140079
2013-05-20,0.8893671372835628
2013-05-21,0.8894980624091201
2013-05-22,0.8905613835429086
2013-05-23,0.8905322223118609
2013-05-24,0.8900366845081088
2013-05-28,0.7880610911048396
2013-05-29,0.8892826461675464
2013-05-30,0.8860652090660472
2013-05-31,0.8873667668096499
2013-06-03,0.8864841833767896
2013-06-04,0.8857187752627005
2013-06-05,0.8872943644909298
2013-06-06,0.886874624188346
2013-06-07,0.8863396673872198
2013-06-10,0.8869614306177209
2013-06-11,0.8882220915073487
2013-06-12,0.8894135814163364
2013-06-13,0.8890935978453374
2013-06-14,0.8885850123523383
2013-06-17,0.8860940972099907
2013-06-18,0.7850380208426296
2013-06-19,0.887080389250282
2013-06-20,0.8889059175919962
2013-06-21,0.8887317304103703
2013-06-24,0.8893852651939237
2013-06-25,0.8890511202032902
2013-06-26,0.7882492940762285
2013-06-27,0.887390317154306
2013-06-28,0.5884838749736726
2013-07-01,0.7858612705428184
2013-07-02,0.7858922385099165
2013-07-03,0.7856355198775051
2013-07-05,0.6838169655745007
2013-07-08,0.682546714906612
2013-07-09,0.6830434295126461
2013-07-10,0.6818895387505342
2013-07-11,0.6769691300077646
2013-07-12,0.7759169369565997
2013-07-15,0.7766411158872069
2013-07-16,0.7775516761133963
2013-07-17,0.776106892515261
2013-07-18,0.7748111103097406
2013-07-19,0.6740821028110449
2013-07-22,0.6737856699397607
2013-07-23,0.7736228306807229
2013-07-24,0.7745291170386862
2013-07-25,0.7714738330429076
2013-07-26,0.7737178446434437
2013-07-29,0.7765632003502094
2013-07-30,0.5762223635277498
2013-07-31,0.7756293024334975
2013-08-01,0.7732547919872199
2013-08-02,0.7738841264371609
2013-08-05,0.7736926832750481
2013-08-06,0.7751265656988593
2013-08-07,0.7758958282792945
2013-08-08,0.7744550720072114
2013-08-09,0.774223654957626
2013-08-12,0.7734080242210267
2013-08-13,0.773981060612494
2013-08-14,0.7743904671704622
2013-08-15,0.7779426884753395
2013-08-16,0.7776674846700503
2013-08-19,0.7784292016199525
2013-08-20,0.8946483295707378
2013-08-21,0.896675063530891
2013-08-22,0.8964273808631347
2013-08-23,0.7971764927633795
2013-08-26,0.7965009410862961
2013-08-27,0.8976010554913288
2013-08-28,1.0
2013-08-29,1.0
2013-08-30,1.0
2013-09-03,1.0
2013-09-04,0.8982866497112248
2013-09-05,0.9008891656676655
2013-09-06,1.0
2013-09-09,1.0
2013-09-10,0.8998734378020963
2013-09-11,1.0
2013-09-12,1.0
2013-09-13,1.0
2013-09-16,1.0
2013-09-17,1.0
2013-09-18,1.0
2013-09-19,1.0
2013-09-20,1.0
2013-09-23,1.0
2013-09-24,1.0
2013-09-25,1.0
2013-09-26,1.0
2013-09-27,1.0
2013-09-30,1.0
2013-10-01,1.0
2013-10-02,1.0
2013-10-03,1.0
2013-10-04,1.0
2013-10-07,1.0
2013-10-08,1.0
2013-10-09,1.0
2013-10-10,1.0
2013-10-11,1.0
2013-10-14,1.0
2013-10-15,1.0
2013-10-16,1.0
2013-10-17,1.0
2013-10-18,1.0
2013-10-21,1.0
2013-10-22,1.0
2013-10-23,1.0
2013-10-24,1.0
2013-10-25,1.0
2013-10-28,1.0
2013-10-29,1.0
2013-10-30,1.0
2013-10-31,1.0
2013-11-01,1.0
2013-11-04,1.0
2013-11-05,1.0
2013-11-06,1.0
2013-11-07,1.0
2013-11-08,1.0
2013-11-11,1.0
2013-11-12,1.0
2013-11-13,1.0
2013-11-14,1.0
2013-11-15,1.0
2013-11-18,1.0
2013-11-19,1.0
2013-11-20,1.0
2013-11-21,1.0
2013-11-22,0.7976924453817764
2013-11-25,0.8023570095146343
2013-11-26,1.0
2013-11-27,1.0
2013-11-29,1.0
2013-12-02,0.9006428837161854
2013-12-03,1.0
2013-12-04,1.0
2013-12-05,1.0
2013-12-06,1.0
2013-12-09,1.0
2013-12-10,1.0
2013-12-11,1.0
2013-12-12,1.0
2013-12-13,0.9011917042875808
2013-12-16,1.0
2013-12-17,0.9002215470052172
2013-12-18,1.0
2013-12-19,1.0
2013-12-20,1.0
2013-12-23,1.0
2013-12-24,0.8999424502215033
2013-12-26,1.0
2013-12-27,1.0
2013-12-30,1.0
2013-12-31,1.0
2014-01-02,1.0
2014-01-03,1.0
2014-01-06,1.0
2014-01-07,1.0
2014-01-08,1.0
2014-01-09,1.0
2014-01-10,1.0
2014-01-13,1.0
2014-01-14,1.0
2014-01-15,1.0
2014-01-16,1.0
2014-01-17,1.0
2014-01-21,1.0
2014-01-22,1.0
2014-01-23,1.0
2014-01-24,1.0
2014-01-27,1.0
2014-01-28,1.0
2014-01-29,1.0
2014-01-30,1.0
2014-01-31,1.0
2014-02-03,1.0
2014-02-04,1.0
2014-02-05,1.0
2014-02-06,0.898380016066209
2014-02-07,0.8968679221190404
2014-02-10,0.8955114087880717
2014-02-11,0.8961138154937855
2014-02-12,0.8954361750102866
2014-02-13,0.8953609612292244
2014-02-14,0.7959454580339811
2014-02-18,0.8933370412972113
2014-02-19,0.8933370412972113
2014-02-20,0.7937573628282347
2014-02-21,0.8944818363168218
2014-02-24,0.7958583723177864
2014-02-25,0.8974814321015601
2014-02-26,0.8976331906578623
2014-02-27,0.897747002435461
2014-02-28,0.897747002435461
2014-03-03,0.8966478541383189
2014-03-04,0.8942692800767832
2014-03-05,0.8953248593829528
2014-03-06,0.8955513866278031
2014-03-07,0.8968750514277984
2014-03-10,0.8952493708446748
2014-03-11,0.8959291819435486
2014-03-12,0.8952871135225591
2014-03-13,0.8980507134538473
2014-03-14,0.898620680280633
2014-03-17,0.8987347574993704
2014-03-18,0.8966099966460082
2014-03-19,0.8985446275386321
2014-03-20,1.0
2014-03-21,1.0
2014-03-24,1.0
2014-03-25,1.0
2014-03-26,1.0
2014-03-27,1.0
2014-03-28,1.0
2014-03-31,1.0
2014-04-01,1.0
2014-04-02,0.899536270519196
2014-04-03,1.0
2014-04-04,1.0
2014-04-07,1.0
2014-04-08,1.0
2014-04-09,1.0
2014-04-10,0.9032229073881805
2014-04-11,1.0
2014-04-14,1.0
2014-04-15,1.0
2014-04-16,0.899680986383758
2014-04-17,1.0
2014-04-21,1.0
2014-04-22,0.9013937351097094
2014-04-23,1.0
2014-04-24,1.0
2014-04-25,1.0
2014-04-28,1.0
2014-04-29,1.0
2014-04-30,1.0
2014-05-01,1.0
2014-05-02,1.0
2014-05-05,1.0
2014-05-06,1.0
2014-05-07,1.0
2014-05-08,1.0
2014-05-09,1.0
2014-05-12,1.0
2014-05-13,0.900809379939362
2014-05-14,1.0
2014-05-15,1.0
2014-05-16,1.0
2014-05-19,1.0
2014-05-20,1.0
2014-05-21,1.0
2014-05-22,1.0
2014-05-23,1.0
2014-05-27,1.0
2014-05-28,1.0
2014-05-29,0.8995578941434011
2014-05-30,1.0
2014-06-02,1.0
2014-06-03,1.0
2014-06-04,1.0
2014-06-05,1.0
2014-06-06,0.8004205403135485
2014-06-09,1.0
2014-06-10,1.0
2014-06-11,1.0
2014-06-12,1.0
2014-06-13,1.0
2014-06-16,1.0
2014-06-17,1.0
2014-06-18,1.0
2014-06-19,1.0
2014-06-20,1.0
2014-06-23,1.0
2014-06-24,1.0
2014-06-25,1.0
2014-06-26,1.0
2014-06-27,1.0
2014-06-30,0.9004631939432752
2014-07-01,1.0
2014-07-02,0.9004515429578807
2014-07-03,0.900422731739445
2014-07-07,1.0
2014-07-08,1.0
2014-07-09,1.0
2014-07-10,1.0
2014-07-11,1.0
2014-07-14,1.0
2014-07-15,1.0
2014-07-16,1.0
2014-07-17,1.0
2014-07-18,1.0
2014-07-21,1.0
2014-07-22,0.8995618427411405
2014-07-23,0.8990089738094841
2014-07-24,1.0
2014-07-25,1.0
2014-07-28,1.0
2014-07-29,1.0
2014-07-30,0.9008986595604096
2014-07-31,1.0
2014-08-01,1.0
2014-08-04,0.9000196970686686
2014-08-05,1.0
2014-08-06,1.0
2014-08-07,1.0
2014-08-08,1.0
2014-08-11,1.0
2014-08-12,1.0
2014-08-13,1.0
2014-08-14,1.0
2014-08-15,0.9032622163472606
2014-08-18,1.0
2014-08-19,1.0
2014-08-20,1.0
2014-08-21,0.8993406399421486
2014-08-22,1.0
2014-08-25,1.0
2014-08-26,1.0
2014-08-27,1.0
2014-08-28,1.0
2014-08-29,1.0
2014-09-02,1.0
2014-09-03,1.0
2014-09-04,1.0
2014-09-05,1.0
2014-09-08,1.0
2014-09-09,1.0
2014-09-10,1.0
2014-09-11,1.0
2014-09-12,1.0
2014-09-15,1.0
2014-09-16,1.0
2014-09-17,1.0
2014-09-18,1.0
2014-09-19,1.0
2014-09-22,1.0
2014-09-23,1.0
2014-09-24,1.0
2014-09-25,1.0
2014-09-26,1.0
2014-09-29,1.0
2014-09-30,1.0
2014-10-01,1.0
2014-10-02,1.0
2014-10-03,1.0
2014-10-06,1.0
2014-10-07,1.0
2014-10-08,1.0
2014-10-09,1.0
2014-10-10,1.0
2014-10-13,1.0
2014-10-14,1.0
2014-10-15,1.0
2014-10-16,1.0
2014-10-17,1.0
2014-10-20,1.0
2014-10-21,1.0
2014-10-22,1.0
2014-10-23,1.0
2014-10-24,1.0
2014-10-27,1.0
2014-10-28,1.0
2014-10-29,1.0
2014-10-30,1.0
2014-10-31,1.0
2014-11-03,1.0
2014-11-04,1.0
2014-11-05,1.0
2014-11-06,1.0
2014-11-07,1.0
2014-11-10,1.0
2014-11-11,1.0
2014-11-12,1.0
2014-11-13,1.0
2014-11-14,1.0
2014-11-17,1.0
2014-11-18,1.0
2014-11-19,1.0
2014-11-20,1.0
2014-11-21,1.0
2014-11-24,1.0
2014-11-25,1.0
2014-11-26,1.0
2014-11-28,1.0
2014-12-01,1.0
2014-12-02,1.0
2014-12-03,1.0
2014-12-04,1.0
2014-12-05,0.9009407328621559
2014-12-08,1.0
2014-12-09,1.0
2014-12-10,1.0
2014-12-11,1.0
2014-12-12,1.0
2014-12-15,1.0
2014-12-16,1.0
2014-12-17,1.0
2014-12-18,1.0
2014-12-19,1.0
2014-12-22,1.0
2014-12-23,1.0
2014-12-24,1.0
2014-12-26,1.0
2014-12-29,1.0
2014-12-30,1.0
2014-12-31,1.0
2015-01-02,1.0
2015-01-05,1.0
2015-01-06,1.0
2015-01-07,1.0
2015-01-08,1.0
2015-01-09,1.0
2015-01-12,1.0
2015-01-13,1.0
2015-01-14,1.0
2015-01-15,1.0
2015-01-16,1.0
2015-01-20,1.0
2015-01-21,0.900176827739458
2015-01-22,1.0
2015-01-23,1.0
2015-01-26,0.8957872835134019
2015-01-27,0.8978108331291157
2015-01-28,0.8033032181558818
2015-01-29,0.8996404805859816
2015-01-30,0.9023318330407037
2015-02-02,0.9004078117748923
2015-02-03,0.9128127706305588
2015-02-04,1.0
2015-02-05,1.0
2015-02-06,1.0
2015-02-09,0.900931945853301
2015-02-10,1.0
2015-02-11,1.0
2015-02-12,1.0
2015-02-13,1.0
2015-02-17,1.0
2015-02-18,1.0
2015-02-19,1.0
2015-02-20,1.0
2015-02-23,1.0
2015-02-24,1.0
2015-02-25,1.0
2015-02-26,1.0
2015-02-27,1.0
2015-03-02,1.0
2015-03-03,1.0
2015-03-04,1.0
2015-03-05,1.0
2015-03-06,1.0
2015-03-09,1.0
2015-03-10,1.0
2015-03-11,1.0
2015-03-12,1.0
2015-03-13,1.0
2015-03-16,0.8987925393661212
2015-03-17,1.0
2015-03-18,1.0
2015-03-19,1.0
2015-03-20,0.9019337992721747
2015-03-23,1.0
2015-03-24,1.0
2015-03-25,1.0
2015-03-26,1.0
2015-03-27,1.0
2015-03-30,1.0
2015-03-31,0.9009356325147361
2015-04-01,1.0
2015-04-02,1.0
2015-04-06,1.0
2015-04-07,1.0
2015-04-08,1.0
2015-04-09,0.8993195939398321
2015-04-10,1.0
2015-04-13,0.7971494340220955
2015-04-14,0.8964444511189793
2015-04-15,0.8952080266317642
2015-04-16,0.8929035510985733
2015-04-17,0.893928366792907
2015-04-20,0.7912483548084195
2015-04-21,0.8869351258860779
2015-04-22,0.8880477954539902
2015-04-23,0.6886547396488556
2015-04-24,0.788961257001388
2015-04-27,0.8941987526618986
2015-04-28,0.7959180205252337
2015-04-29,0.8937568944849121
2015-04-30,0.8979889851538708
2015-05-01,0.8969342673150881
2015-05-04,0.894383083050394
2015-05-05,0.8976685428899921
2015-05-06,0.7963489803329441
2015-05-07,0.893198526835049
2015-05-08,0.8915661208447591
2015-05-11,0.890840456160918
2015-05-12,0.8904780666142712
2015-05-13,0.7916099062104125
2015-05-14,0.8887573512811895
2015-05-15,0.8886832836683844
2015-05-18,0.7871632230893961
2015-05-19,0.887446697196005
2015-05-20,0.8861383600856627
2015-05-21,0.88729908226303
2015-05-22,0.8879637223770043
2015-05-26,0.8883333980929077
2015-05-27,0.8877513028824383
2015-05-28,0.8875482091962792
2015-05-29,0.7865626672085332
2015-06-01,0.786207601166104
2015-06-02,0.7892238178645388
2015-06-03,0.7898494220212137
2015-06-04,0.8882695345932082
2015-06-05,0.8863230528012337
2015-06-08,0.8881209274211261
2015-06-09,0.8888179376539966
2015-06-10,0.8894880986706191
2015-06-11,0.8889481668525581
2015-06-12,0.8895253602606732
2015-06-15,0.8912146791205982
2015-06-16,0.8908501402133975
2015-06-17,0.8896185243409975
2015-06-18,0.8863600496833679
2015-06-19,0.8874064697519655
2015-06-22,0.8860641681315434
2015-06-23,0.885980990338733
2015-06-24,0.8897117079383707
2015-06-25,1.0
2015-06-26,1.0
2015-06-29,1.0
2015-06-30,1.0
2015-07-01,1.0
2015-07-02,1.0
2015-07-06,1.0
2015-07-07,0.8990640884984012
2015-07-08,1.0
2015-07-09,1.0
2015-07-10,1.0
2015-07-13,0.8034424374894737
2015-07-14,0.8997366497606154
2015-07-15,0.8993625489603349
2015-07-16,1.0
2015-07-17,1.0
2015-07-20,1.0
2015-07-21,1.0
2015-07-22,1.0
2015-07-23,0.9020575744256113
2015-07-24,1.0
2015-07-27,1.0
2015-07-28,1.0
2015-07-29,1.0
2015-07-30,1.0
2015-07-31,1.0
2015-08-03,1.0
2015-08-04,1.0
2015-08-05,1.0
2015-08-06,1.0
2015-08-07,1.0
2015-08-10,1.0
2015-08-11,1.0
2015-08-12,1.0
2015-08-13,1.0
2015-08-14,1.0
2015-08-17,0.9000239132291716
2015-08-18,1.0
2015-08-19,1.0
2015-08-20,1.0
2015-08-21,1.0
2015-08-24,1.0
2015-08-25,1.0
2015-08-26,1.0
2015-08-27,1.0
2015-08-28,1.0
2015-08-31,1.0
2015-09-01,1.0
2015-09-02,1.0
2015-09-03,1.0
2015-09-04,1.0
2015-09-08,1.0
2015-09-09,1.0
2015-09-10,1.0
2015-09-11,1.0
2015-09-14,1.0
2015-09-15,1.0
2015-09-16,1.0
2015-09-17,1.0
2015-09-18,1.0
2015-09-21,1.0
2015-09-22,1.0
2015-09-23,1.0
2015-09-24,1.0
2015-09-25,1.0
2015-09-28,1.0
2015-09-29,1.0
2015-09-30,1.0
2015-10-01,1.0
2015-10-02,1.0
2015-10-05,1.0
2015-10-06,1.0
2015-10-07,1.0
2015-10-08,1.0
2015-10-09,1.0
2015-10-12,1.0
2015-10-13,1.0
2015-10-14,1.0
2015-10-15,1.0
2015-10-16,1.0
2015-10-19,1.0
2015-10-20,1.0
2015-10-21,1.0
2015-10-22,1.0
2015-10-23,1.0
2015-10-26,1.0
2015-10-27,1.0
2015-10-28,1.0
2015-10-29,0.9003360721467654
2015-10-30,1.0
2015-11-02,1.0
2015-11-03,1.0
2015-11-04,1.0
2015-11-05,1.0
2015-11-06,1.0
2015-11-09,1.0
2015-11-10,1.0
2015-11-11,1.0
2015-11-12,1.0
2015-11-13,1.0
2015-11-16,1.0
2015-11-17,1.0
2015-11-18,1.0
2015-11-19,1.0
2015-11-20,0.8985082417612196
2015-11-23,0.8955052010434192
2015-11-24,0.8975344707025118
2015-11-25,0.8973134378613332
2015-11-27,0.8971367039635697
2015-11-30,0.8983753403722196
2015-12-01,0.8966510620113823
2015-12-02,0.8959455686985134
2015-12-03,0.8978883305428699
2015-12-04,0.8963422534524766
2015-12-07,0.8958134155513013
2015-12-08,0.8974018484440984
2015-12-09,0.8999728798340004
2015-12-10,0.8991734093205231
2015-12-11,0.9028270272131302
2015-12-14,0.9034089821756702
2015-12-15,1.0
2015-12-16,1.0
2015-12-17,1.0
2015-12-18,1.0
2015-12-21,1.0
2015-12-22,1.0
2015-12-23,1.0
2015-12-24,1.0
2015-12-28,1.0
2015-12-29,1.0
2015-12-30,1.0
2015-12-31,1.0
2016-01-04,1.0
2016-01-05,1.0
2016-01-06,1.0
2016-01-07,1.0
2016-01-08,1.0
2016-01-11,1.0
2016-01-12,1.0
2016-01-13,1.0
2016-01-14,1.0
2016-01-15,1.0
2016-01-19,1.0
2016-01-20,1.0
2016-01-21,1.0
2016-01-22,1.0
2016-01-25,1.0
2016-01-26,1.0
2016-01-27,1.0
2016-01-28,1.0
2016-01-29,1.0
2016-02-01,1.0
2016-02-02,1.0
2016-02-03,1.0
2016-02-04,1.0
2016-02-05,1.0
2016-02-08,1.0
2016-02-09,1.0
2016-02-10,1.0
2016-02-11,1.0
2016-02-12,1.0
2016-02-16,1.0
2016-02-17,1.0
2016-02-18,1.0
2016-02-19,1.0
2016-02-22,1.0
2016-02-23,1.0
2016-02-24,1.0
2016-02-25,1.0
2016-02-26,1.0
2016-02-29,1.0
2016-03-01,1.0
2016-03-02,1.0
2016-03-03,1.0
2016-03-04,1.0
2016-03-07,1.0
2016-03-08,1.0
2016-03-09,1.0
2016-03-10,1.0
2016-03-11,1.0
2016-03-14,1.0
2016-03-15,1.0
2016-03-16,1.0
2016-03-17,1.0
2016-03-18,1.0
2016-03-21,1.0
2016-03-22,1.0
2016-03-23,1.0
2016-03-24,1.0
2016-03-28,1.0
2016-03-29,1.0
2016-03-30,0.9000836834143117
2016-03-31,1.0
2016-04-01,1.0
2016-04-04,1.0
2016-04-05,1.0
2016-04-06,1.0
2016-04-07,1.0
2016-04-08,1.0
2016-04-11,1.0
2016-04-12,1.0
2016-04-13,1.0
2016-04-14,1.0
2016-04-15,1.0
2016-04-18,1.0
2016-04-19,1.0
2016-04-20,1.0
2016-04-21,1.0
2016-04-22,1.0
2016-04-25,1.0
2016-04-26,1.0
2016-04-27,0.8988796637296531
2016-04-28,0.8989529225470423
2016-04-29,0.9007144512894215
2016-05-02,0.9010087391896987
2016-05-03,0.89785541093995
2016-05-04,0.8988063999074172
2016-05-05,0.8991727197902071
2016-05-06,0.8990994505785445
2016-05-09,0.8998328163276438
2016-05-10,0.898440437634098
2016-05-11,0.8985867732272734
2016-05-12,0.8992460348658939
2016-05-13,0.901229560050661
2016-05-16,1.0
2016-05-17,1.0
2016-05-18,1.0
2016-05-19,1.0
2016-05-20,1.0
2016-05-23,1.0
2016-05-24,1.0
2016-05-25,0.8996693562972845
2016-05-26,1.0
2016-05-27,1.0
2016-05-31,1.0
2016-06-01,1.0
2016-06-02,1.0
2016-06-03,1.0
2016-06-06,0.9001321129993546
2016-06-07,1.0
2016-06-08,1.0
2016-06-09,0.8991703336174107
2016-06-10,1.0
2016-06-13,1.0
2016-06-14,1.0
2016-06-15,1.0
2016-06-16,1.0
2016-06-17,1.0
2016-06-20,1.0
2016-06-21,1.0
2016-06-22,1.0
2016-06-23,1.0
2016-06-24,1.0
2016-06-27,1.0
2016-06-28,1.0
2016-06-29,1.0
2016-06-30,1.0
2016-07-01,1.0
2016-07-05,1.0
2016-07-06,1.0
2016-07-07,1.0
2016-07-08,1.0
2016-07-11,1.0
2016-07-12,1.0
2016-07-13,1.0
2016-07-14,1.0
2016-07-15,1.0
2016-07-18,1.0
2016-07-19,1.0
2016-07-20,1.0
2016-07-21,1.0
2016-07-22,1.0
2016-07-25,1.0
2016-07-26,1.0
2016-07-27,1.0
2016-07-28,1.0
2016-07-29,1.0
2016-08-01,1.0
2016-08-02,1.0
2016-08-03,1.0
2016-08-04,1.0
2016-08-05,1.0
2016-08-08,1.0
2016-08-09,1.0
2016-08-10,1.0
2016-08-11,1.0
2016-08-12,1.0
2016-08-15,1.0
2016-08-16,1.0
2016-08-17,1.0
2016-08-18,1.0
2016-08-19,1.0
2016-08-22,1.0
2016-08-23,1.0
2016-08-24,1.0
2016-08-25,1.0
2016-08-26,1.0
2016-08-29,1.0
2016-08-30,1.0
2016-08-31,1.0
2016-09-01,1.0
2016-09-02,1.0
2016-09-06,0.8996794598980756
2016-09-07,1.0
2016-09-08,1.0
2016-09-09,1.0
2016-09-12,1.0
2016-09-13,1.0
2016-09-14,1.0
2016-09-15,1.0
2016-09-16,1.0
2016-09-19,1.0
2016-09-20,1.0
2016-09-21,1.0
2016-09-22,1.0
2016-09-23,1.0
2016-09-26,1.0
2016-09-27,1.0
2016-09-28,1.0
2016-09-29,0.9014824743570103
2016-09-30,1.0
2016-10-03,1.0
2016-10-04,0.8021677441672955
2016-10-05,1.0
2016-10-06,1.0
2016-10-07,1.0
2016-10-10,1.0
2016-10-11,1.0
2016-10-12,1.0
2016-10-13,1.0
2016-10-14,1.0
2016-10-17,1.0
2016-10-18,1.0
2016-10-19,1.0
2016-10-20,1.0
2016-10-21,1.0
2016-10-24,0.8990738087966207
2016-10-25,1.0
2016-10-26,0.900773470674495
2016-10-27,0.9014686879886561
2016-10-28,1.0
2016-10-31,1.0
2016-11-01,1.0
2016-11-02,1.0
2016-11-03,1.0
2016-11-04,1.0
2016-11-07,1.0
2016-11-08,0.9005316792673316
2016-11-09,0.9006216414731382
2016-11-10,0.898578473334345
2016-11-11,0.8964742684113574
2016-11-14,0.8946772041112181
2016-11-15,0.8944322889459955
2016-11-16,0.8943623409789103
2016-11-17,0.8949309860108373
2016-11-18,0.8955616911771118
2016-11-21,0.8947296695675666
2016-11-22,0.8936722296194096
2016-11-23,0.8928002262985415
2016-11-25,0.8921908350704791
2016-11-28,0.8940477658613674
2016-11-29,0.8947559452904469
2016-11-30,0.7958975874457289
2016-12-01,0.7981263781994792
2016-12-02,0.7994496991916857
2016-12-05,0.7979910746195896
2016-12-06,0.7976674397121463
2016-12-07,0.8923007530469329
2016-12-08,0.8924934341297678
2016-12-09,0.8950235040871868
2016-12-12,0.8965324784138808
2016-12-13,0.8968862484671588
2016-12-14,0.8914995710450698
2016-12-15,0.8884168384114759
2016-12-16,0.8896543650664855
2016-12-19,0.8882341364769256
2016-12-20,0.8877907067823079
2016-12-21,0.8874779718113373
2016-12-22,0.8879906312066086
2016-12-23,0.8879471715967382
2016-12-27,0.7898612566054086
2016-12-28,0.8893371939349549
2016-12-29,0.888996200717201
2016-12-30,0.8897484735157513
2017-01-03,0.7896326569043209
2017-01-04,0.7868301389818728
2017-01-05,0.691819327184524
2017-01-06,0.7926805479202436
2017-01-09,0.692965297491019
2017-01-10,0.584635451600405
2017-01-11,0.5820919697060541
2017-01-12,0.6819216994471531
2017-01-13,0.6800598237421394
2017-01-17,0.5829662399110017
2017-01-18,0.581406086123726
2017-01-19,0.6825310694508726
2017-01-20,0.5834369697880236
2017-01-23,0.6818887104364862
2017-01-24,0.6795564743898879
2017-01-25,0.2781160238173712
2017-01-26,0.6792691826057341
2017-01-27,0.6798281275828588
2017-01-30,0.6828726619980277
2017-01-31,0.7802018872335806
2017-02-01,0.779767465362122
2017-02-02,0.7801760941197172
2017-02-03,0.7769186960244521
2017-02-06,0.7784395661402316
2017-02-07,0.7851725350867
2017-02-08,0.7874055686245903
2017-02-09,0.8862171017574529
2017-02-10,0.8848591350174112
2017-02-13,0.8842821732091589
2017-02-14,0.8848153870279051
2017-02-15,0.7822311046119653
2017-02-16,0.8821935150685897
2017-02-17,0.8815225814804452
2017-02-21,0.881444202926455
2017-02-22,0.8812092460354196
2017-02-23,0.8821848209212927
2017-02-24,0.880956971842101
2017-02-27,0.779539914045512
2017-02-28,0.8814536484294514
2017-03-01,0.8774071635162202
2017-03-02,0.8782359670560363
2017-03-03,0.8771312649409282
2017-03-06,0.877346783401829
2017-03-07,0.8777005182316829
2017-03-08,0.8778472364738746
2017-03-09,0.8780804335172047
2017-03-10,0.8777781817858787
2017-03-13,0.8763992066380913
2017-03-14,0.8769330466566831
2017-03-15,0.7758275336473396
2017-03-16,0.677741252207168
2017-03-17,0.6773699694806468
2017-03-20,0.7781347481887059
2017-03-21,0.7845969789606653
2017-03-22,0.7834209133955784
2017-03-23,0.7839255064669293
2017-03-24,0.8784381927476635
2017-03-27,0.8793817911175217
2017-03-28,0.8782985244684354
2017-03-29,0.8784992266709206
2017-03-30,0.6778038317667088
2017-03-31,0.777727957665062
2017-04-03,0.7795867977717433
2017-04-04,0.8778754544897619
2017-04-05,0.8792161905177303
2017-04-06,0.8784182571573915
2017-04-07,0.8781467793101172
2017-04-10,0.7777100482707924
2017-04-11,0.8777595794606615
2017-04-12,0.8803142376242769
2017-04-13,0.9012403230401385
2017-04-17,0.8972357239487305
2017-04-18,1.0
2017-04-19,0.899462625724728
2017-04-20,0.9023087785603802
2017-04-21,0.9021337805272424
2017-04-24,0.9016966493617709
2017-04-25,0.8004082916156653
2017-04-26,0.7984603950764796
2017-04-27,0.7970975434982365
2017-04-28,0.7987752125518554
2017-05-01,0.798660828290583
2017-05-02,0.7993479179001854
2017-05-03,0.7987225892980232
2017-05-04,0.7998349698531851
2017-05-05,0.7997907368283643
2017-05-08,0.7998619955777417
2017-05-09,0.8003304570354848
2017-05-10,0.8002331795084261
2017-05-11,0.8007281330197145
2017-05-12,0.8015428246307599
2017-05-15,0.8005773748095724
2017-05-16,0.7999145842033512
2017-05-17,0.8066008262529344
2017-05-18,1.0
2017-05-19,1.0
2017-05-22,1.0
2017-05-23,1.0
2017-05-24,1.0
2017-05-25,1.0
2017-05-26,1.0
2017-05-30,1.0
2017-05-31,1.0
2017-06-01,1.0
2017-06-02,1.0
2017-06-05,1.0
2017-06-06,1.0
2017-06-07,1.0
2017-06-08,1.0
2017-06-09,1.0
2017-06-12,1.0
2017-06-13,1.0
2017-06-14,1.0
2017-06-15,1.0
2017-06-16,1.0
2017-06-19,1.0
2017-06-20,1.0
2017-06-21,1.0
2017-06-22,1.0
2017-06-23,1.0
2017-06-26,1.0
2017-06-27,1.0
2017-06-28,0.9007400392562126
2017-06-29,1.0
2017-06-30,1.0
2017-07-03,1.0
2017-07-05,1.0
2017-07-06,1.0
2017-07-07,1.0
2017-07-10,1.0
2017-07-11,1.0
2017-07-12,0.8011596794916136
2017-07-13,0.9006157779557802
2017-07-14,1.0
2017-07-17,1.0
2017-07-18,0.8995538354300198
2017-07-19,0.9007401895394259
2017-07-20,1.0
2017-07-21,0.9009347436089242
2017-07-24,0.8012470047176246
2017-07-25,0.8993445625727797
2017-07-26,0.903914070251686
2017-07-27,1.0
2017-07-28,1.0
2017-07-31,1.0
2017-08-01,1.0
2017-08-02,1.0
2017-08-03,1.0
2017-08-04,1.0
2017-08-07,1.0
2017-08-08,1.0
2017-08-09,1.0
2017-08-10,1.0
2017-08-11,1.0
2017-08-14,1.0
2017-08-15,1.0
2017-08-16,1.0
2017-08-17,1.0
2017-08-18,1.0
2017-08-21,1.0
2017-08-22,0.9002357052096008
2017-08-23,1.0
2017-08-24,1.0
2017-08-25,1.0
2017-08-28,0.9002806963989012
2017-08-29,1.0
2017-08-30,0.7984874857747015
2017-08-31,1.0
2017-09-01,1.0
2017-09-05,1.0
2017-09-06,1.0
2017-09-07,1.0
2017-09-08,1.0
2017-09-11,0.8015428576989966
2017-09-12,1.0
2017-09-13,1.0
2017-09-14,1.0
2017-09-15,1.0
2017-09-18,1.0
2017-09-19,1.0
2017-09-20,1.0
2017-09-21,1.0
2017-09-22,1.0
2017-09-25,1.0
2017-09-26,1.0
2017-09-27,0.9018793747292281
2017-09-28,1.0
2017-09-29,1.0
2017-10-02,1.0
2017-10-03,1.0
2017-10-04,1.0
2017-10-05,1.0
2017-10-06,1.0
2017-10-09,1.0
2017-10-10,1.0
2017-10-11,1.0
2017-10-12,1.0
2017-10-13,1.0
2017-10-16,1.0
2017-10-17,1.0
2017-10-18,1.0
2017-10-19,1.0
2017-10-20,1.0
2017-10-23,1.0
2017-10-24,1.0
2017-10-25,1.0
2017-10-26,1.0
2017-10-27,1.0
2017-10-30,1.0
2017-10-31,1.0
2017-11-01,1.0
2017-11-02,0.898971667263858
2017-11-03,1.0
2017-11-06,1.0
2017-11-07,1.0
2017-11-08,1.0
2017-11-09,1.0
2017-11-10,1.0
2017-11-13,1.0
2017-11-14,1.0
2017-11-15,1.0
2017-11-16,1.0
2017-11-17,1.0
2017-11-20,1.0
2017-11-21,1.0
2017-11-22,0.901042484265044
2017-11-24,1.0
2017-11-27,1.0
2017-11-28,1.0
2017-11-29,1.0
2017-11-30,1.0
2017-12-01,1.0
2017-12-04,1.0
2017-12-05,1.0
2017-12-06,1.0
2017-12-07,1.0
2017-12-08,1.0
2017-12-11,1.0
2017-12-12,1.0
2017-12-13,1.0
2017-12-14,1.0
2017-12-15,1.0
2017-12-18,0.7997557158879669
2017-12-19,0.9002799860190447
2017-12-20,1.0
2017-12-21,1.0
2017-12-22,1.0
2017-12-26,1.0
2017-12-27,1.0
2017-12-28,0.9014085374934585
2017-12-29,0.9015326415772978
2018-01-02,1.0
2018-01-03,0.9008730952438904
2018-01-04,1.0
2018-01-05,1.0
2018-01-08,1.0
2018-01-09,1.0
2018-01-10,1.0
2018-01-11,0.8990503208831114
2018-01-12,1.0
2018-01-16,0.903089723049177
2018-01-17,0.8000003308321316
2018-01-18,1.0
2018-01-19,0.8997105439183133
2018-01-22,1.0
2018-01-23,1.0
2018-01-24,1.0
2018-01-25,1.0
2018-01-26,1.0
2018-01-29,1.0
2018-01-30,1.0
2018-01-31,1.0
2018-02-01,0.8983073777936039
2018-02-02,1.0
2018-02-05,1.0
2018-02-06,1.0
2018-02-07,1.0
2018-02-08,1.0
2018-02-09,1.0
2018-02-12,1.0
2018-02-13,1.0
2018-02-14,1.0
2018-02-15,1.0
2018-02-16,1.0
2018-02-20,1.0
2018-02-21,1.0
2018-02-22,1.0
2018-02-23,1.0
2018-02-26,1.0
2018-02-27,1.0
2018-02-28,1.0
2018-03-01,1.0
2018-03-02,1.0
2018-03-05,1.0
2018-03-06,1.0
2018-03-07,1.0
2018-03-08,1.0
2018-03-09,1.0
2018-03-12,1.0
2018-03-13,1.0
2018-03-14,1.0
2018-03-15,1.0
2018-03-16,1.0
2018-03-19,0.9001528416400474
2018-03-20,0.8996917576271096
2018-03-21,0.8001566930776738
2018-03-22,1.0
2018-03-23,0.9011073386775811
2018-03-26,1.0
2018-03-27,1.0
2018-03-28,1.0
2018-03-29,1.0
2018-04-02,1.0
2018-04-03,1.0
2018-04-04,1.0
2018-04-05,1.0
2018-04-06,1.0
2018-04-09,1.0
2018-04-10,1.0
2018-04-11,1.0
2018-04-12,1.0
2018-04-13,1.0
2018-04-16,1.0
2018-04-17,1.0
2018-04-18,1.0
2018-04-19,1.0
2018-04-20,1.0
2018-04-23,1.0
2018-04-24,0.9021372763969776
2018-04-25,1.0
2018-04-26,0.8010521290757475
2018-04-27,0.9006797946651371
2018-04-30,0.902201832034633
2018-05-01,1.0
2018-05-02,1.0
2018-05-03,1.0
2018-05-04,1.0
2018-05-07,0.7018670578409634
2018-05-08,0.8998521264187485
2018-05-09,0.6984550381963915
2018-05-10,0.7964066936695534
2018-05-11,0.8940185817450808
2018-05-14,0.7980430317058269
2018-05-15,0.897233407620768
2018-05-16,0.7968862583960983
2018-05-17,0.8969741491795202
2018-05-18,0.8964007550475784
2018-05-21,0.79730806206513
2018-05-22,0.8984072731385964
2018-05-23,0.8977717862424031
2018-05-24,0.8981189764278453
2018-05-25,0.8991251241249084
2018-05-29,0.8994066545367116
2018-05-30,0.6960591722956122
2018-05-31,0.7964938301539275
2018-06-01,0.7963944918969599
2018-06-04,0.7938040092265536
2018-06-05,0.6919123510411069
2018-06-06,0.7913617249067348
2018-06-07,0.7947572530897281
2018-06-08,0.794078940911356
2018-06-11,0.793516318803638
2018-06-12,0.7924546422568183
2018-06-13,0.7939413879705302
2018-06-14,0.7935915033757416
2018-06-15,0.6917259260404617
2018-06-18,0.7895226534401762
2018-06-19,0.7911007641325851
2018-06-20,0.7928645229667702
2018-06-21,0.7922640496741888
2018-06-22,0.888108205363584
2018-06-25,0.8885110424357254
2018-06-26,0.7876144054732545
2018-06-27,0.8882295862451021
2018-06-28,0.7873955704414959
2018-06-29,0.8907923511785553
2018-07-02,0.8893355263640205
2018-07-03,0.8884475876038794
2018-07-05,0.8883669395595553
2018-07-06,0.8885282189252328
2018-07-09,0.8894163378014507
2018-07-10,0.792416707132024
2018-07-11,0.8902416739580006
2018-07-12,0.7896953562646476
2018-07-13,0.8877438599197081
2018-07-16,0.8867766076109529
2018-07-17,0.8863742086591231
2018-07-18,0.6864825329810426
2018-07-19,0.8832317852328188
2018-07-20,0.8852397081223627
2018-07-23,0.8836326345341137
2018-07-24,0.886852631686563
2018-07-25,0.8861260905858999
2018-07-26,0.8876612932659225
2018-07-27,0.6903987561411568
2018-07-30,0.8879381565925522
2018-07-31,0.8841150409287892
2018-08-01,0.8861445038908172
2018-08-02,0.8863886695310368
2018-08-03,0.8876931366772229
2018-08-06,0.8853315953557122
2018-08-07,0.8854940653079181
2018-08-08,0.7841342818139527
2018-08-09,0.7856365375287283
2018-08-10,0.8812062429865994
2018-08-13,0.8826009373825966
2018-08-14,0.8808787214392308
2018-08-15,0.8803878890078976
2018-08-16,0.8786743220964592
2018-08-17,0.8765619263946531
2018-08-20,0.7772888204277063
2018-08-21,0.8763542883574311
2018-08-22,0.8727196843748143
2018-08-23,0.5729929740451976
2018-08-24,0.6643416573768256
2018-08-27,0.8675868211882372
2018-08-28,0.8667925303957438
2018-08-29,0.8661581564499938
2018-08-30,0.8649711631889488
2018-08-31,0.8621356899340524
2018-09-04,0.8625283802674925
2018-09-05,0.8637086617611432
2018-09-06,0.8635511051117104
2018-09-07,0.763084338997961
2018-09-10,0.8624041307710975
2018-09-11,0.8624829256945676
2018-09-12,0.8666004940199018
2018-09-13,0.865885041093673
2018-09-14,0.864695228831224
2018-09-17,0.8676360736055062
2018-09-18,0.8650121725700032
2018-09-19,0.8678753917434239
2018-09-20,0.8676360736055062
2018-09-21,0.8716421118056836
2018-09-24,0.8718836327998983
2018-09-25,0.8696344791992002
2018-09-26,0.8684343103423516
2018-09-27,0.8681148419389513
2018-09-28,0.8673171673627631
2018-10-01,0.6705234795054731
2018-10-02,0.8726251240990538
2018-10-03,1.0
2018-10-04,1.0
2018-10-05,1.0
2018-10-08,1.0
2018-10-09,1.0
2018-10-10,1.0
2018-10-11,1.0
2018-10-12,1.0
2018-10-15,1.0
2018-10-16,1.0
2018-10-17,0.899140188592292
2018-10-18,1.0
2018-10-19,1.0
2018-10-22,1.0
2018-10-23,1.0
2018-10-24,1.0
2018-10-25,1.0
2018-10-26,1.0
2018-10-29,1.0
2018-10-30,1.0
2018-10-31,1.0
2018-11-01,1.0
2018-11-02,1.0
2018-11-05,1.0
2018-11-06,1.0
2018-11-07,1.0
2018-11-08,1.0
2018-11-09,1.0
2018-11-12,1.0
2018-11-13,1.0
2018-11-14,1.0
2018-11-15,1.0
2018-11-16,1.0
2018-11-19,1.0
2018-11-20,1.0
2018-11-21,1.0
2018-11-23,1.0
2018-11-26,1.0
2018-11-27,1.0
2018-11-28,1.0
2018-11-29,1.0
2018-11-30,1.0
2018-12-03,1.0
2018-12-04,1.0
2018-12-06,1.0
2018-12-07,1.0
2018-12-10,1.0
2018-12-11,1.0
2018-12-12,1.0
2018-12-13,1.0
2018-12-14,1.0
2018-12-17,1.0
2018-12-18,1.0
2018-12-19,1.0
2018-12-20,1.0
2018-12-21,1.0
2018-12-24,1.0
2018-12-26,1.0
2018-12-27,1.0
2018-12-28,1.0
2018-12-31,1.0
2019-01-02,1.0
2019-01-03,1.0
2019-01-04,1.0
2019-01-07,1.0
2019-01-08,1.0
2019-01-09,1.0
2019-01-10,1.0
2019-01-11,1.0
2019-01-14,1.0
2019-01-15,1.0
2019-01-16,1.0
2019-01-17,1.0
2019-01-18,1.0
2019-01-22,1.0
2019-01-23,1.0
2019-01-24,1.0
2019-01-25,1.0
2019-01-28,1.0
2019-01-29,1.0
2019-01-30,1.0
2019-01-31,1.0
2019-02-01,1.0
2019-02-04,1.0
2019-02-05,1.0
2019-02-06,1.0
2019-02-07,1.0
2019-02-08,1.0
2019-02-11,1.0
2019-02-12,1.0
2019-02-13,1.0
2019-02-14,1.0
2019-02-15,1.0
2019-02-19,1.0
2019-02-20,1.0
2019-02-21,1.0
2019-02-22,1.0
2019-02-25,1.0
2019-02-26,1.0
2019-02-27,1.0
2019-02-28,1.0
2019-03-01,1.0
2019-03-04,1.0
2019-03-05,1.0
2019-03-06,1.0
2019-03-07,1.0
2019-03-08,1.0
2019-03-11,1.0
2019-03-12,1.0
2019-03-13,1.0
2019-03-14,1.0
2019-03-15,0.8997550726138277
2019-03-18,0.9002496688305198
2019-03-19,0.8026245979966917
2019-03-20,0.9006397440018868
2019-03-21,0.8996787054943957
2019-03-22,0.8974082827339125
2019-03-25,0.896915570322331
2019-03-26,0.8960699250958571
2019-03-27,0.8956860994903036
2019-03-28,0.8984571208244517
2019-03-29,0.8983798945437278
2019-04-01,0.8984416798987118
2019-04-02,0.8001561703056614
2019-04-03,0.7998531398395246
2019-04-04,0.8984358423563851
2019-04-05,0.6974405442130965
2019-04-08,0.7983991145638819
2019-04-09,0.7007939583198011
2019-04-10,0.698132119708304
2019-04-11,0.8013865288006263
2019-04-12,0.8021410125384947
2019-04-15,0.6995535329859841
2019-04-16,0.6029796546394189
2019-04-17,0.7079226242477648
2019-04-18,0.7938595674498172
2019-04-22,0.7907112915882419
2019-04-23,0.6913399380262399
2019-04-24,0.7918290543768579
2019-04-25,0.8915153339824112
2019-04-26,0.891904416429691
2019-04-29,0.8926368100990618
2019-04-30,0.8942773925891756
2019-05-01,0.8942147765602412
2019-05-02,0.8942617268767501
2019-05-03,0.891919987286569
2019-05-06,0.7903434330294152
2019-05-07,0.8942962566075785
2019-05-08,0.8826893494817463
2019-05-09,0.8838043432551047
2019-05-10,0.8836208581906162
2019-05-13,0.880619554036288
2019-05-14,0.8826283214473138
2019-05-15,0.8783630406060988
2019-05-16,0.873421298262948
2019-05-17,0.8751123456576885
2019-05-20,0.8762533593581554
2019-05-21,0.8774274987246129
2019-05-22,0.8785292305153769
2019-05-23,0.8804373888298969
2019-05-24,0.8805891879339391
2019-05-28,0.8793611603605781
2019-05-29,0.8804981142523312
2019-05-30,0.8799671620912475
2019-05-31,0.8815162790451148
2019-06-03,0.8858430410407988
2019-06-04,0.8818054556688302
2019-06-05,0.7760931432656863
2019-06-06,0.7758668509392533
2019-06-07,0.7746082522042825
2019-06-10,0.7742445745958311
2019-06-11,0.6774118114871368
2019-06-12,0.7750292637901337
2019-06-13,0.6740976345950045
2019-06-14,0.7743669394599334
2019-06-17,0.7748552051676102
2019-06-18,0.7755547653150281
2019-06-19,0.7763996375894485
2019-06-20,0.6775616130902871
2019-06-21,0.7825041925912024
2019-06-24,0.7753234548177643
2019-06-25,0.7826369422262688
2019-06-26,0.7829824627494268
2019-06-27,0.8974242299893878
2019-06-28,0.8955837899968351
2019-07-01,0.8949107091918509
2019-07-02,0.8933220645654891
2019-07-03,0.8929364832133039
2019-07-05,0.8942152372682418
2019-07-08,0.8971883486766856
2019-07-09,0.8958932663841022
2019-07-10,0.8958932663841022
2019-07-11,0.8950006503729059
2019-07-12,0.8931116968625581
2019-07-15,0.8930805473053736
2019-07-16,0.8944964261504501
2019-07-17,0.8944925138185456
2019-07-18,0.8928742043002302
2019-07-19,0.8947269602283464
2019-07-22,0.894879446900745
2019-07-23,0.8968308586434773
2019-07-24,0.7980438200582688
2019-07-25,0.9018313722814649
2019-07-26,1.0
2019-07-29,1.0
2019-07-30,1.0
2019-07-31,1.0
2019-08-01,1.0
2019-08-02,1.0
2019-08-05,1.0
2019-08-06,1.0
2019-08-07,0.9003234024616451
2019-08-08,1.0
2019-08-09,1.0
2019-08-12,1.0
2019-08-13,1.0
2019-08-14,1.0
2019-08-15,1.0
2019-08-16,1.0
2019-08-19,0.5045065654326548
2019-08-20,1.0
2019-08-21,0.9000034620654929
2019-08-22,1.0
2019-08-23,1.0
2019-08-26,1.0
2019-08-27,1.0
2019-08-28,1.0
2019-08-29,1.0
2019-08-30,1.0
2019-09-03,1.0
2019-09-04,0.8002047517227364
2019-09-05,1.0
2019-09-06,1.0
2019-09-09,0.801274029002379
2019-09-10,1.0
2019-09-11,1.0
2019-09-12,1.0
2019-09-13,0.9004424514789061
2019-09-16,1.0
2019-09-17,1.0
2019-09-18,1.0
2019-09-19,1.0
2019-09-20,1.0
2019-09-23,1.0
2019-09-24,1.0
2019-09-25,1.0
2019-09-26,1.0
2019-09-27,1.0
2019-09-30,1.0
2019-10-01,1.0
2019-10-02,1.0
2019-10-03,1.0
2019-10-04,1.0
2019-10-07,1.0
2019-10-08,1.0
2019-10-09,0.9001763841717209
2019-10-10,1.0
2019-10-11,0.7005731990971269
2019-10-14,0.8990849950380359
2019-10-15,0.6981006678413184
2019-10-16,0.8004882040395223
2019-10-17,0.8007914527764879
2019-10-18,0.900850313550217
2019-10-21,0.900056203228969
2019-10-22,0.9018592446579081
2019-10-23,0.905627803484767
2019-10-24,0.899042241898115
2019-10-25,0.8996435868303518
2019-10-28,0.8998111654281344
2019-10-29,0.8022707017819766
2019-10-30,1.0
2019-10-31,1.0
2019-11-01,1.0
2019-11-04,0.904776953196695
2019-11-05,1.0
2019-11-06,1.0
2019-11-07,1.0
2019-11-08,1.0
2019-11-11,1.0
2019-11-12,0.9007027916215683
2019-11-13,1.0
2019-11-14,0.9003521922579251
2019-11-15,1.0
2019-11-18,1.0
2019-11-19,1.0
2019-11-20,1.0
2019-11-21,1.0
2019-11-22,1.0
2019-11-25,1.0
2019-11-26,0.8999043902504145
2019-11-27,1.0
2019-11-29,1.0
2019-12-02,1.0
2019-12-03,1.0
2019-12-04,1.0
2019-12-05,1.0
2019-12-06,0.901493305535995
2019-12-09,0.9005554352828078
2019-12-10,0.7000929804009217
2019-12-11,1.0
2019-12-12,0.8992705538627185
2019-12-13,1.0
2019-12-16,1.0
2019-12-17,1.0
2019-12-18,1.0
2019-12-19,1.0
2019-12-20,1.0
2019-12-23,1.0
2019-12-24,1.0
2019-12-26,1.0
2019-12-27,1.0
2019-12-30,1.0
2019-12-31,1.0
2020-01-02,1.0
2020-01-03,1.0
2020-01-06,1.0
2020-01-07,1.0
2020-01-08,1.0
2020-01-09,1.0
2020-01-10,1.0
2020-01-13,1.0
2020-01-14,1.0
2020-01-15,1.0
2020-01-16,1.0
2020-01-17,1.0
2020-01-21,1.0
2020-01-22,1.0
2020-01-23,1.0
2020-01-24,1.0
2020-01-27,1.0
2020-01-28,1.0
2020-01-29,1.0
2020-01-30,1.0
2020-01-31,1.0
2020-02-03,1.0
2020-02-04,1.0
2020-02-05,1.0
2020-02-06,1.0
2020-02-07,1.0
2020-02-10,1.0
2020-02-11,1.0
2020-02-12,0.9006383456948673
2020-02-13,1.0
2020-02-14,1.0
2020-02-18,1.0
2020-02-19,1.0
2020-02-20,1.0
2020-02-21,1.0
2020-02-24,1.0
2020-02-25,1.0
2020-02-26,1.0
2020-02-27,1.0
2020-02-28,1.0
2020-03-02,1.0
2020-03-03,1.0
2020-03-04,1.0
2020-03-05,1.0
2020-03-06,1.0
2020-03-09,1.0
2020-03-10,1.0
2020-03-11,1.0
2020-03-12,1.0
2020-03-13,1.0
2020-03-16,1.0
2020-03-17,1.0
2020-03-18,1.0
2020-03-19,1.0
2020-03-20,1.0
2020-03-23,1.0
2020-03-24,1.0
2020-03-25,1.0
2020-03-26,1.0
2020-03-27,1.0
2020-03-30,1.0
2020-03-31,1.0
2020-04-01,1.0
2020-04-02,1.0
2020-04-03,1.0
2020-04-06,1.0
2020-04-07,1.0
2020-04-08,1.0
2020-04-09,1.0
2020-04-13,1.0
2020-04-14,1.0
2020-04-15,1.0
2020-04-16,1.0
2020-04-17,1.0
2020-04-20,1.0
2020-04-21,1.0
2020-04-22,1.0
2020-04-23,1.0
2020-04-24,1.0
2020-04-27,1.0
2020-04-28,1.0
2020-04-29,1.0
2020-04-30,1.0
2020-05-01,1.0
2020-05-04,1.0
2020-05-05,1.0
2020-05-06,1.0
2020-05-07,1.0
2020-05-08,1.0
2020-05-11,1.0
2020-05-12,1.0
2020-05-13,1.0
2020-05-14,1.0
2020-05-15,1.0
2020-05-18,1.0
2020-05-19,1.0
2020-05-20,1.0
2020-05-21,1.0
2020-05-22,1.0
2020-05-26,1.0
2020-05-27,1.0
2020-05-28,0.8992411017995269
2020-05-29,1.0
2020-06-01,1.0
2020-06-02,1.0
2020-06-03,1.0
2020-06-04,0.8989012144558967
2020-06-05,1.0
2020-06-08,1.0
2020-06-09,1.0
2020-06-10,1.0
2020-06-11,1.0
2020-06-12,1.0
2020-06-15,1.0
2020-06-16,1.0
2020-06-17,1.0
2020-06-18,1.0
2020-06-19,1.0
2020-06-22,1.0
2020-06-23,1.0
2020-06-24,1.0
2020-06-25,1.0
2020-06-26,1.0
2020-06-29,1.0
2020-06-30,1.0
2020-07-01,1.0
2020-07-02,1.0
2020-07-06,1.0
2020-07-07,1.0
2020-07-08,1.0
2020-07-09,1.0
2020-07-10,1.0
2020-07-13,0.5118234201441432
2020-07-14,0.9022800754399442
2020-07-15,1.0
2020-07-16,0.9021239420925344
2020-07-17,1.0
2020-07-20,1.0
2020-07-21,1.0
2020-07-22,1.0
2020-07-23,1.0
2020-07-24,1.0
2020-07-27,1.0
2020-07-28,1.0
2020-07-29,0.8995430204193143
2020-07-30,1.0
2020-07-31,0.9000017011124228
2020-08-03,1.0
2020-08-04,0.8997809597317687
2020-08-05,0.8042371239614727
2020-08-06,1.0
2020-08-07,1.0
2020-08-10,1.0
2020-08-11,1.0
2020-08-12,1.0
2020-08-13,1.0
2020-08-14,0.9011411859942958
2020-08-17,1.0
2020-08-18,1.0
2020-08-19,1.0
2020-08-20,1.0
2020-08-21,1.0
2020-08-24,1.0
2020-08-25,1.0
2020-08-26,0.8934466111570454
2020-08-27,0.8971584718647952
2020-08-28,0.8975759235079179
2020-08-31,0.8965820386585435
2020-09-01,0.7941575949111146
2020-09-02,0.8920920178064632
2020-09-03,0.8968341668749523
2020-09-04,0.898544451729101
2020-09-08,0.9001424745248707
2020-09-09,0.9013549456580809
2020-09-10,1.0
2020-09-11,1.0
2020-09-14,1.0
2020-09-15,0.8999483807844552
2020-09-16,1.0
2020-09-17,1.0
2020-09-18,0.902117060834549
2020-09-21,0.9084036235808509
2020-09-22,1.0
2020-09-23,1.0
2020-09-24,1.0
2020-09-25,1.0
2020-09-28,0.8986443861678249
2020-09-29,1.0
2020-09-30,0.9014708248805545
2020-10-01,0.9004154883314528
2020-10-02,1.0
2020-10-05,1.0
2020-10-06,1.0
2020-10-07,1.0
2020-10-08,1.0
2020-10-09,0.9019764612554275
2020-10-12,1.0
2020-10-13,1.0
2020-10-14,1.0
2020-10-15,1.0
2020-10-16,1.0
2020-10-19,1.0
2020-10-20,1.0
2020-10-21,1.0
2020-10-22,1.0
2020-10-23,1.0
2020-10-26,1.0
2020-10-27,1.0
2020-10-28,1.0
2020-10-29,1.0
2020-10-30,1.0
2020-11-02,1.0
2020-11-03,1.0
2020-11-04,1.0
2020-11-05,1.0
2020-11-06,1.0
2020-11-09,1.0
2020-11-10,1.0
2020-11-11,1.0
2020-11-12,1.0
2020-11-13,1.0
2020-11-16,1.0
2020-11-17,1.0
2020-11-18,1.0
2020-11-19,1.0
2020-11-20,1.0
2020-11-23,0.8983581857383132
2020-11-24,1.0
2020-11-25,1.0
2020-11-27,1.0
2020-11-30,1.0
2020-12-01,1.0
2020-12-02,0.8999931384894345
2020-12-03,1.0
2020-12-04,1.0
2020-12-07,0.8979240678043587
2020-12-08,1.0
2020-12-09,1.0
2020-12-10,1.0
2020-12-11,1.0
2020-12-14,1.0
2020-12-15,1.0
2020-12-16,0.9002691718497033
2020-12-17,1.0
2020-12-18,0.9010003229276113
2020-12-21,0.8909329465835243
2020-12-22,0.7873898488174891
2020-12-23,0.8934827426973783
2020-12-24,0.893954502602439
2020-12-28,0.8939296577019994
2020-12-29,0.8945262403102843
2020-12-30,0.8934082717232146
2020-12-31,0.7925320536423925
2021-01-04,0.8941807847369132
2021-01-05,0.8903272460132368
2021-01-06,0.8811261673262235
2021-01-07,0.7779579663064172
2021-01-08,0.8833744246937929
2021-01-11,0.8829632591205561
2021-01-12,0.8782985028931918
2021-01-13,0.8759845501220239
2021-01-14,0.7708442827838043
2021-01-15,0.8714839243894551
2021-01-19,0.8727153727122021
2021-01-20,0.8707042081204319
2021-01-21,0.8717914575187815
2021-01-22,0.8701852041261329
2021-01-25,0.8736175108070018
2021-01-26,0.8733086639237981
2021-01-27,0.8794547970163885
2021-01-28,0.8814340784168851
2021-01-29,0.8811922001178948
2021-02-01,0.8778201701179815
2021-02-02,0.674510467466243
2021-02-03,0.8753896444318819
2021-02-04,0.7696612691709366
2021-02-05,0.8668967744573958
2021-02-08,0.8598146582793977
2021-02-09,0.8593343909038469
2021-02-10,0.7618154895357059
2021-02-11,0.6583611467615245
2021-02-12,0.8581700707806859
2021-02-16,0.8616026813758154
2021-02-17,0.8633523878180998
2021-02-18,0.8629603884455587
2021-02-19,0.8604095833217187
2021-02-22,0.8556701561790594
2021-02-23,0.8564185882877452
2021-02-24,0.8556928139074158
2021-02-25,0.8550134993619245
2021-02-26,0.8483461075111676
2021-03-01,0.8443335915040469
2021-03-02,0.8459030424104269
2021-03-03,0.8481011638783478
2021-03-04,0.7584522041355154
2021-03-05,0.8547546297258598
2021-03-08,0.8455930662435189
2021-03-09,0.8442655838368514
2021-03-10,0.8407458553267517
2021-03-11,0.838887925928177
2021-03-12,0.8346564858210125
2021-03-15,0.8339446042814846
2021-03-16,0.8375379098997684
2021-03-17,0.8402204245591964
2021-03-18,0.843559284746504
2021-03-19,0.8410746016374582
2021-03-22,0.8445086689622775
2021-03-23,0.8498468812755481
2021-03-24,0.8529696230436197
2021-03-25,0.848015390285742
2021-03-26,0.8449730779931508
2021-03-29,0.850900200733854
2021-03-30,0.847391811984918
2021-03-31,0.848394463826753
2021-04-01,0.845460169872949
2021-04-05,0.7463312582750898
2021-04-06,0.6473501819813801
2021-04-07,0.8472320894715525
2021-04-08,0.8469853667151731
2021-04-09,0.8462460826703158
2021-04-12,0.4478123410686967
2021-04-13,0.8478863703797282
2021-04-14,0.4479424419047857
2021-04-15,0.8480409019400663
2021-04-16,0.5488191907508726
2021-04-19,0.8492127413586839
2021-04-20,1.0
2021-04-21,0.8992689593900686
2021-04-22,0.80376314831732
2021-04-23,0.9005537798478742
2021-04-26,1.0
2021-04-27,1.0
2021-04-28,0.9009297011824507
2021-04-29,1.0
2021-04-30,1.0
2021-05-03,0.6998811680801988
2021-05-04,1.0
2021-05-05,1.0
2021-05-06,0.9008401796442632
2021-05-07,1.0
2021-05-10,1.0
2021-05-11,1.0
2021-05-12,0.8047927925938658
2021-05-13,1.0
2021-05-14,0.8996030098208648
2021-05-17,1.0
2021-05-18,1.0
2021-05-19,1.0
2021-05-20,0.8994900108845836
2021-05-21,1.0
2021-05-24,1.0
2021-05-25,1.0
2021-05-26,1.0
2021-05-27,1.0
2021-05-28,1.0
2021-06-01,0.8991580263668676
2021-06-02,0.9007160747533188
2021-06-03,0.898472050148471
2021-06-04,0.8973168054470783
2021-06-07,0.6981495223872336
2021-06-08,0.6972952813032692
2021-06-09,0.8978010938018098
2021-06-10,0.7983925808290435
2021-06-11,0.8994728750624044
2021-06-14,0.8984616646919303
2021-06-15,0.8998499562414336
2021-06-16,0.900313676796469
2021-06-17,0.9024009246352677
2021-06-18,1.0
2021-06-21,1.0
2021-06-22,1.0
2021-06-23,0.8993718015220427
2021-06-24,1.0
2021-06-25,1.0
2021-06-28,1.0
2021-06-29,1.0
2021-06-30,1.0
2021-07-01,1.0
2021-07-02,1.0
2021-07-06,1.0
2021-07-07,1.0
2021-07-08,1.0
2021-07-09,1.0
2021-07-12,0.7989607607889828
2021-07-13,0.9014145562912823
2021-07-14,0.9007595582558007
2021-07-15,1.0
2021-07-16,1.0
2021-07-19,1.0
2021-07-20,1.0
2021-07-21,0.901660202553692
2021-07-22,1.0
2021-07-23,1.0
2021-07-26,1.0
2021-07-27,1.0
2021-07-28,1.0
2021-07-29,0.8009620623834954
2021-07-30,1.0
2021-08-02,1.0
2021-08-03,1.0
2021-08-04,1.0
2021-08-05,1.0
2021-08-06,1.0
2021-08-09,0.9003319814778574
2021-08-10,1.0
2021-08-11,1.0
2021-08-12,1.0
2021-08-13,1.0
2021-08-16,1.0
2021-08-17,1.0
2021-08-18,1.0
2021-08-19,1.0
2021-08-20,1.0
2021-08-23,1.0
2021-08-24,1.0
2021-08-25,1.0
2021-08-26,1.0
2021-08-27,1.0
2021-08-30,1.0
2021-08-31,1.0
2021-09-01,1.0
2021-09-02,1.0
2021-09-03,1.0
2021-09-07,1.0
2021-09-08,1.0
2021-09-09,0.8997118639967525
2021-09-10,0.9019273702950334
2021-09-13,0.9014997765119342
2021-09-14,1.0
2021-09-15,0.90056194019999
2021-09-16,1.0
2021-09-17,1.0
2021-09-20,1.0
2021-09-21,1.0
2021-09-22,1.0
2021-09-23,0.8992935753183409
2021-09-24,1.0
2021-09-27,1.0
2021-09-28,1.0
2021-09-29,1.0
2021-09-30,1.0
2021-10-01,1.0
2021-10-04,1.0
2021-10-05,0.8003337003479478
2021-10-06,1.0
2021-10-07,0.901700645926798
2021-10-08,1.0
2021-10-11,1.0
2021-10-12,1.0
2021-10-13,1.0
2021-10-14,0.9009406704999168
2021-10-15,1.0
2021-10-18,1.0
2021-10-19,1.0
2021-10-20,1.0
2021-10-21,0.8961690201514873
2021-10-22,1.0
2021-10-25,1.0
2021-10-26,1.0
2021-10-27,1.0
2021-10-28,1.0
2021-10-29,1.0
2021-11-01,0.8972881676713707
2021-11-02,1.0
2021-11-03,1.0
2021-11-04,0.9006156123631521
2021-11-05,0.9002673986238008
2021-11-08,0.9028542834057816
2021-11-09,0.9028542834057816
2021-11-10,0.9063863288978744
2021-11-11,0.9063147006126651
2021-11-12,0.9057778576910838
2021-11-15,0.9047417546943353
2021-11-16,0.9070673627124051
2021-11-17,0.9143351318190882
2021-11-18,1.0
2021-11-19,1.0
2021-11-22,1.0
2021-11-23,1.0
2021-11-24,0.8999084369842352
2021-11-26,1.0
2021-11-29,0.9040332578008125
2021-11-30,1.0
2021-12-01,1.0
2021-12-02,1.0
2021-12-03,1.0
2021-12-06,1.0
2021-12-07,1.0
2021-12-08,0.8014618269669294
2021-12-09,1.0
2021-12-10,1.0
2021-12-13,1.0
2021-12-14,1.0
2021-12-15,1.0
2021-12-16,1.0
2021-12-17,1.0
2021-12-20,1.0
2021-12-21,1.0
2021-12-22,1.0
2021-12-23,0.9017285722458771
2021-12-27,0.8991597547502873
2021-12-28,1.0
2021-12-29,0.9008578503546422
2021-12-30,1.0
2021-12-31,0.9002549364600071
2022-01-03,1.0
2022-01-04,0.7971698918483738
2022-01-05,1.0
2022-01-06,1.0
2022-01-07,1.0
2022-01-10,1.0
2022-01-11,1.0
2022-01-12,1.0
2022-01-13,1.0
2022-01-14,1.0
2022-01-18,1.0
2022-01-19,1.0
2022-01-20,1.0
2022-01-21,1.0
2022-01-24,1.0
2022-01-25,1.0
2022-01-26,1.0
2022-01-27,1.0
2022-01-28,1.0
2022-01-31,1.0
2022-02-01,1.0
2022-02-02,1.0
2022-02-03,1.0
2022-02-04,1.0
2022-02-07,1.0
2022-02-08,1.0
2022-02-09,1.0
2022-02-10,1.0
2022-02-11,0.9006417140891132
2022-02-14,1.0
2022-02-15,1.0
2022-02-16,1.0
2022-02-17,1.0
2022-02-18,1.0
2022-02-22,1.0
2022-02-23,1.0
2022-02-24,1.0
2022-02-25,1.0
2022-02-28,1.0
2022-03-01,1.0
2022-03-02,1.0
2022-03-03,1.0
2022-03-04,1.0
2022-03-07,1.0
2022-03-08,1.0
2022-03-09,1.0
2022-03-10,1.0
2022-03-11,1.0
2022-03-14,1.0
2022-03-15,1.0
2022-03-16,1.0
2022-03-17,1.0
2022-03-18,1.0
2022-03-21,1.0
2022-03-22,1.0
2022-03-23,0.8989417765010786
2022-03-24,1.0
2022-03-25,1.0
2022-03-28,0.8997609972568235
2022-03-29,1.0
2022-03-30,0.901147038131029
2022-03-31,1.0
2022-04-01,0.8989407023028148
2022-04-04,0.804287442223765
2022-04-05,0.906862588674855
2022-04-06,0.9032051237882127
2022-04-07,0.9041563891134081
2022-04-08,0.8978521062533475
2022-04-11,0.9020977993582976
2022-04-12,0.8980869426719763
2022-04-13,0.8951215617022691
2022-04-14,0.8924075668866697
2022-04-18,0.8919439515453702
2022-04-19,0.8927169089078612
2022-04-20,0.8914036862812231
2022-04-21,0.8997341441114725
2022-04-22,0.9036012326178978
2022-04-25,0.907421769510045
2022-04-26,1.0
2022-04-27,1.0
2022-04-28,1.0
2022-04-29,1.0
2022-05-02,1.0
2022-05-03,1.0
2022-05-04,1.0
2022-05-05,1.0
2022-05-06,1.0
2022-05-09,1.0
2022-05-10,1.0
2022-05-11,1.0
2022-05-12,1.0
2022-05-13,1.0
2022-05-16,1.0
2022-05-17,1.0
2022-05-18,1.0
2022-05-19,1.0
2022-05-20,1.0
2022-05-23,1.0
2022-05-24,1.0
2022-05-25,1.0
2022-05-26,1.0
2022-05-27,1.0
2022-05-31,1.0
2022-06-01,1.0
2022-06-02,1.0
2022-06-03,1.0
2022-06-06,1.0
2022-06-07,1.0
2022-06-08,1.0
2022-06-09,1.0
2022-06-10,1.0
2022-06-13,1.0
2022-06-14,1.0
2022-06-15,1.0
2022-06-16,1.0
2022-06-17,1.0
2022-06-21,1.0
2022-06-22,1.0
2022-06-23,1.0
2022-06-24,1.0
2022-06-27,1.0
2022-06-28,1.0
2022-06-29,1.0
2022-06-30,1.0
2022-07-01,1.0
2022-07-05,1.0
2022-07-06,1.0
2022-07-07,1.0
2022-07-08,1.0
2022-07-11,1.0
2022-07-12,1.0
2022-07-13,1.0
2022-07-14,1.0
2022-07-15,1.0
2022-07-18,1.0
2022-07-19,1.0
2022-07-20,1.0
2022-07-21,1.0
2022-07-22,1.0
2022-07-25,1.0
2022-07-26,1.0
2022-07-27,1.0
2022-07-28,1.0
2022-07-29,1.0
2022-08-01,1.0
2022-08-02,1.0
2022-08-03,1.0
2022-08-04,1.0
2022-08-05,1.0
2022-08-08,1.0
2022-08-09,1.0
2022-08-10,1.0
2022-08-11,1.0
2022-08-12,1.0
2022-08-15,1.0
2022-08-16,1.0
2022-08-17,1.0
2022-08-18,1.0
2022-08-19,1.0
2022-08-22,1.0
2022-08-23,1.0
2022-08-24,1.0
2022-08-25,1.0
2022-08-26,1.0
2022-08-29,1.0
2022-08-30,1.0
2022-08-31,1.0
2022-09-01,1.0
2022-09-02,1.0
2022-09-06,1.0
2022-09-07,1.0
2022-09-08,1.0
2022-09-09,1.0
2022-09-12,1.0
2022-09-13,1.0
2022-09-14,1.0
2022-09-15,1.0
2022-09-16,1.0
2022-09-19,1.0
2022-09-20,1.0
2022-09-21,1.0
2022-09-22,1.0
2022-09-23,1.0
2022-09-26,1.0
2022-09-27,1.0
2022-09-28,1.0
2022-09-29,1.0
2022-09-30,1.0
2022-10-03,1.0
2022-10-04,1.0
2022-10-05,1.0
2022-10-06,1.0
2022-10-07,1.0
2022-10-10,1.0
2022-10-11,1.0
2022-10-12,1.0
2022-10-13,1.0
2022-10-14,1.0
2022-10-17,1.0
2022-10-18,1.0
2022-10-19,1.0
2022-10-20,1.0
2022-10-21,1.0
2022-10-24,1.0
2022-10-25,1.0
2022-10-26,1.0
2022-10-27,1.0
2022-10-28,1.0
2022-10-31,1.0
2022-11-01,1.0
2022-11-02,1.0
2022-11-03,1.0
2022-11-04,1.0
2022-11-07,1.0
2022-11-08,1.0
2022-11-09,1.0
2022-11-10,1.0
2022-11-11,1.0
2022-11-14,1.0
2022-11-15,1.0
2022-11-16,1.0
2022-11-17,1.0
2022-11-18,1.0
2022-11-21,1.0
2022-11-22,1.0
2022-11-23,1.0
2022-11-25,1.0
2022-11-28,1.0
2022-11-29,1.0
2022-11-30,1.0
2022-12-01,1.0
2022-12-02,1.0
2022-12-05,1.0
2022-12-06,1.0
2022-12-07,1.0
2022-12-08,1.0
2022-12-09,1.0
2022-12-12,1.0
2022-12-13,1.0
2022-12-14,0.7049862299314986
2022-12-15,1.0
2022-12-16,1.0
2022-12-19,1.0
2022-12-20,1.0
2022-12-21,1.0
2022-12-22,1.0
2022-12-23,1.0
2022-12-27,1.0
2022-12-28,1.0
2022-12-29,1.0
2022-12-30,1.0
2023-01-03,1.0
2023-01-04,1.0
2023-01-05,1.0
2023-01-06,1.0
2023-01-09,1.0
2023-01-10,1.0
2023-01-11,1.0
2023-01-12,0.8980190035093879
2023-01-13,1.0
2023-01-17,1.0
2023-01-18,1.0
2023-01-19,1.0
2023-01-20,1.0
2023-01-23,1.0
2023-01-24,1.0
2023-01-25,1.0
2023-01-26,0.9016750943139719
2023-01-27,1.0
2023-01-30,1.0
2023-01-31,0.9035113535060796
2023-02-01,1.0
2023-02-02,1.0
2023-02-03,1.0
2023-02-06,1.0
2023-02-07,1.0
2023-02-08,1.0
2023-02-09,1.0
2023-02-10,0.9008724379693519
2023-02-13,1.0
2023-02-14,1.0
2023-02-15,1.0
2023-02-16,0.9023442186664695
2023-02-17,1.0
2023-02-21,1.0
2023-02-22,1.0
2023-02-23,1.0
2023-02-24,1.0
2023-02-27,1.0
2023-02-28,1.0
2023-03-01,1.0
2023-03-02,1.0
2023-03-03,0.7999023626874218
2023-03-06,1.0
2023-03-07,1.0
2023-03-08,0.9001576411931825
2023-03-09,0.8029170868567714
2023-03-10,0.9035521113894575
2023-03-13,0.9035764374135461
2023-03-14,0.9018525384516873
2023-03-15,0.9042824720690993
2023-03-16,0.9015624825563439
2023-03-17,0.9046128883225207
2023-03-20,0.903133926161368
2023-03-21,0.900954870344835
2023-03-22,0.9022805325150354
2023-03-23,0.902707032492924
2023-03-24,0.9028777512230316
2023-03-27,0.9021222313789022
2023-03-28,0.8022106567033443
2023-03-29,0.9020648194610651
2023-03-30,0.6040642321513008
2023-03-31,0.8013353781979605
2023-04-03,0.8000312555318778
2023-04-04,0.9056297514188774
2023-04-05,1.0
2023-04-06,1.0
2023-04-10,1.0
2023-04-11,1.0
2023-04-12,1.0
2023-04-13,1.0
2023-04-14,1.0
2023-04-17,0.9018333539148524
2023-04-18,1.0
2023-04-19,1.0
2023-04-20,1.0
2023-04-21,1.0
2023-04-24,0.8068108010721217
2023-04-25,1.0
2023-04-26,1.0
2023-04-27,1.0
2023-04-28,1.0
2023-05-01,0.9007032928337994
2023-05-02,0.8994579494753502
2023-05-03,0.8999122728649486
2023-05-04,0.9019756734494309
2023-05-05,0.9001486192262382
2023-05-08,0.9007638183115543
2023-05-09,0.900411419320235
2023-05-10,0.901169180865763
2023-05-11,0.901479996455526
2023-05-12,0.8016444729463535
2023-05-15,0.9006872450268253
2023-05-16,0.9025387769799813
2023-05-17,0.9001190573955312
2023-05-18,0.7985778125397507
2023-05-19,0.8984517496794382
2023-05-22,0.8984360282194416
2023-05-23,0.8999157862559822
2023-05-24,0.9015955865474806
2023-05-25,0.8969872287825312
2023-05-26,0.8941191728698091
2023-05-30,0.8944565448222201
2023-05-31,0.8975358497162905
2023-06-01,0.8958971907544537
2023-06-02,0.8920382276862961
2023-06-05,0.8935332508406408
2023-06-06,0.893621335392557
2023-06-07,0.7915948501968147
2023-06-08,0.8913586350264449
2023-06-09,0.8916268249524809
2023-06-12,0.8904675620194722
2023-06-13,0.7871107277953078
2023-06-14,0.7881733502206634
2023-06-15,0.7866586813527113
2023-06-16,0.6899263745579719
2023-06-20,0.7885688206144863
2023-06-21,0.7897782590087276
2023-06-22,0.7931711147303182
2023-06-23,0.8865722148410226
2023-06-26,0.8857352501960423
2023-06-27,0.8849256241716453
2023-06-28,0.8864222738561583
2023-06-29,0.8843077933464345
2023-06-30,0.8831516817489773
2023-07-03,0.8833929387928736
2023-07-05,0.884282069457641
2023-07-06,0.8848741059806188
2023-07-07,0.8845084812317624
2023-07-10,0.7814015093337452
2023-07-11,0.6812763577366081
2023-07-12,0.48473239823392167
2023-07-13,0.8822353436023793
2023-07-14,0.8826931360856405
2023-07-17,0.8814226536206575
2023-07-18,0.8792055561380774
2023-07-19,0.8794732520416129
2023-07-20,0.878917857209928
2023-07-21,0.682474370137149
2023-07-24,0.8802277603876469
2023-07-25,0.8807720944493742
2023-07-26,0.882429637043376
2023-07-27,0.8829102149626735
2023-07-28,0.8822968118840232
2023-07-31,0.8812661694974082
2023-08-01,0.7745345502427669
2023-08-02,0.8743027616804289
2023-08-03,0.8751924115253031
2023-08-04,0.875364196694593
2023-08-07,0.8727493217527398
2023-08-08,0.8731966307116126
2023-08-09,0.874389968833053
2023-08-10,0.8748439904486602
2023-08-11,0.8741228201526705
2023-08-14,0.8737803065551846
2023-08-15,0.8743344960428916
2023-08-16,0.8752681679562951
2023-08-17,0.876132961311225
2023-08-18,0.8759962963366322
2023-08-21,0.875445026673811
2023-08-22,0.8746623236363074
2023-08-23,0.8726438425072116
2023-08-24,0.7782923228180881
2023-08-25,0.8705736872198901
2023-08-28,0.8695749574449574
2023-08-29,0.670542543013332
2023-08-30,0.7688403591124942
2023-08-31,0.7682844954317428
2023-09-01,0.8660605619157087
2023-09-05,0.8681006843605672
2023-09-06,0.8670844006121603
2023-09-07,0.8654950125852466
2023-09-08,0.8648410831094592
2023-09-11,0.7630444180912863
2023-09-12,0.7694570654602371
2023-09-13,0.8721703835331733
2023-09-14,0.7728195997953982
2023-09-15,0.8737374655012332
2023-09-18,0.8729727020961994
2023-09-19,0.8744882958871549
2023-09-20,1.0
2023-09-21,1.0
2023-09-22,1.0
2023-09-25,1.0
2023-09-26,1.0
2023-09-27,1.0
2023-09-28,1.0
2023-09-29,1.0
2023-10-02,1.0
2023-10-03,1.0
2023-10-04,1.0
2023-10-05,1.0
2023-10-06,1.0
2023-10-09,0.900471294007775
2023-10-10,0.7011560244616821
2023-10-11,1.0
2023-10-12,1.0
2023-10-13,1.0
2023-10-16,0.8999112685843853
2023-10-17,1.0
2023-10-18,1.0
2023-10-19,0.9015180413841226
2023-10-20,1.0
2023-10-23,1.0
2023-10-24,1.0
2023-10-25,1.0
2023-10-26,1.0
2023-10-27,1.0
2023-10-30,1.0
2023-10-31,1.0
2023-11-01,1.0
2023-11-02,0.8998449887501508
2023-11-03,0.8894419588408481
2023-11-06,0.8900280168686339
2023-11-07,0.891507733750477
2023-11-08,0.8932540178327788
2023-11-09,0.8906594527131338
2023-11-10,0.790122925997541
2023-11-13,0.7880491017680269
2023-11-14,0.8872582434741285
2023-11-15,0.8879946020978844
2023-11-16,0.8891974787900038
2023-11-17,0.8889979956236894
2023-11-20,0.8878251266041113
2023-11-21,0.8871244393974791
2023-11-22,0.7845012152870132
2023-11-24,0.883139375343056
2023-11-27,0.8817172125752029
2023-11-28,0.8834901450418133
2023-11-29,0.8848007238957937
2023-11-30,0.8840680990823073
2023-12-01,0.8835486582832595
2023-12-04,0.8815643129111796
2023-12-05,0.8834389749530115
2023-12-06,0.8830298275283995
2023-12-07,0.8855125445860917
2023-12-08,0.885101440599692
2023-12-11,0.8844708908205121
2023-12-12,0.8841632434583495
2023-12-13,0.783376936204755
2023-12-14,0.8841398357329098
2023-12-15,0.8847397051796646
2023-12-18,0.883511554235991
2023-12-19,0.8800357921883831
2023-12-20,0.8826655368044691
2023-12-21,0.8819738996805591
2023-12-22,0.8806953416064845
2023-12-26,0.8796592829084589
2023-12-27,0.879796834789413
2023-12-28,0.8805213054524886
2023-12-29,0.8807461525598014
2024-01-02,0.8827675633795142
2024-01-03,0.8845347857386316
2024-01-04,0.8843665122538488
2024-01-05,0.8844689324592756
2024-01-08,0.8842495074268514
2024-01-09,0.8847616761832501
2024-01-10,0.8839571024743685
2024-01-11,0.8834166571625467
2024-01-12,0.8826582702432976
2024-01-16,0.8838255776718609
2024-01-17,0.884878839280361
2024-01-18,1.0
2024-01-19,1.0
2024-01-22,0.8987413311087438
2024-01-23,0.8029904268611614
2024-01-24,0.8019483695259737
2024-01-25,0.8031433982186345
2024-01-26,0.8040687887448935
2024-01-29,0.8990274919607126
2024-01-30,0.7021178369507277
2024-01-31,0.6057195577860437
2024-02-01,0.9037397078674994
2024-02-02,0.9033938380322598
2024-02-05,0.9051506122058286
2024-02-06,1.0
2024-02-07,1.0
2024-02-08,1.0
2024-02-09,0.8013730754649199
2024-02-12,0.8018440335552304
2024-02-13,1.0
2024-02-14,0.9000502833790616
2024-02-15,1.0
2024-02-16,1.0
2024-02-20,1.0
2024-02-21,1.0
2024-02-22,1.0
2024-02-23,1.0
2024-02-26,0.8014333370078569
2024-02-27,1.0
2024-02-28,0.8012112724673413
2024-02-29,0.9003322727095868
2024-03-01,0.8990354413488222
2024-03-04,0.8014587228989178
2024-03-05,0.8004997879965795
2024-03-06,0.7998655244265981
2024-03-07,0.7017166158557565
2024-03-08,0.7983860501325929
2024-03-11,0.8005791612548769
2024-03-12,0.8004754683794408
2024-03-13,0.7978060684116852
2024-03-14,0.7975386163491264
2024-03-15,0.7983536546340136
2024-03-18,0.7988446446835509
2024-03-19,0.7971904177614476
2024-03-20,0.7958625584153289
2024-03-21,0.7931882881334547
2024-03-22,0.7958934939716618
2024-03-25,0.7957896617502179
2024-03-26,0.7965869232372399
2024-03-27,0.7952406613037382
2024-03-28,0.7934592943206882
2024-04-01,0.6951826081583682
2024-04-02,0.7929546775449032
2024-04-03,0.7888405351734172
2024-04-04,0.7909108129576315
2024-04-05,0.7912368110800775
2024-04-08,0.7921978327780648
2024-04-09,0.7957603613989467
2024-04-10,0.8971349346368573
2024-04-11,0.7977817294690432
2024-04-12,0.8983541364618559
2024-04-15,0.9000196577902266
2024-04-16,1.0
2024-04-17,1.0
2024-04-18,1.0
2024-04-19,1.0
2024-04-22,1.0
2024-04-23,1.0
2024-04-24,1.0
2024-04-25,1.0
2024-04-26,1.0
2024-04-29,1.0
2024-04-30,1.0
2024-05-01,1.0
2024-05-02,1.0
2024-05-03,0.8985694110525305
2024-05-06,0.8988977834653529
2024-05-07,1.0
2024-05-08,0.9010967303516034
2024-05-09,1.0
2024-05-10,1.0
2024-05-13,0.9015494677240415
2024-05-14,1.0
2024-05-15,1.0
2024-05-16,0.9007268271141036
2024-05-17,1.0
2024-05-20,1.0
2024-05-21,0.8997873175634368
2024-05-22,1.0
2024-05-23,1.0
2024-05-24,1.0
2024-05-28,1.0
2024-05-29,1.0
2024-05-30,0.8987030206397987
2024-05-31,0.8974415400519586
2024-06-03,0.8993554755294981
2024-06-04,0.8995459769407893
2024-06-05,0.8982115572520044
2024-06-06,0.898235978701475
2024-06-07,0.8980677586923795
2024-06-10,0.8970326479467186
2024-06-11,0.8983744144672678
2024-06-12,0.8971544648981474
2024-06-13,0.8971300938206798
2024-06-14,0.8978820649280407
2024-06-17,0.8984257954698638
2024-06-18,0.8970216119674759
2024-06-20,0.798271509330795
2024-06-21,0.8973465688237201
2024-06-24,0.89668117222264
2024-06-25,0.896930918773164
2024-06-26,0.8969227612433367
2024-06-27,0.8961604101411631
2024-06-28,0.9021667228077546
2024-07-01,1.0
2024-07-02,1.0
2024-07-03,1.0
2024-07-05,1.0
2024-07-08,1.0
2024-07-09,1.0
2024-07-10,1.0
2024-07-11,0.6982210934111928
2024-07-12,1.0
2024-07-15,0.7002356702964556
2024-07-16,0.8986147556143766
2024-07-17,0.9000923772911347
2024-07-18,1.0
2024-07-19,1.0
2024-07-22,1.0
2024-07-23,0.900472980408538
2024-07-24,1.0
2024-07-25,1.0
2024-07-26,1.0
2024-07-29,1.0
2024-07-30,1.0
2024-07-31,1.0
2024-08-01,1.0
2024-08-02,1.0
2024-08-05,1.0
2024-08-06,1.0
2024-08-07,1.0
2024-08-08,1.0
2024-08-09,1.0
2024-08-12,1.0
2024-08-13,0.9013010269013602
2024-08-14,1.0
2024-08-15,0.8995585561385576
2024-08-16,1.0
2024-08-19,0.9002651639059752
2024-08-20,1.0
2024-08-21,0.9001428804580983
2024-08-22,1.0
2024-08-23,1.0
2024-08-26,1.0
2024-08-27,1.0
2024-08-28,1.0
2024-08-29,1.0
2024-08-30,1.0
2024-09-03,1.0
2024-09-04,1.0
2024-09-05,1.0
2024-09-06,1.0
2024-09-09,1.0
2024-09-10,1.0
2024-09-11,1.0
2024-09-12,1.0
2024-09-13,1.0
2024-09-16,1.0
2024-09-17,1.0
2024-09-18,1.0
2024-09-19,1.0
2024-09-20,1.0
2024-09-23,1.0
2024-09-24,1.0
2024-09-25,1.0
2024-09-26,1.0
2024-09-27,1.0
2024-09-30,1.0
2024-10-01,1.0
2024-10-02,1.0
2024-10-03,1.0
2024-10-04,0.7957696540958594
2024-10-07,1.0
2024-10-08,1.0
2024-10-09,0.8997644404510641
2024-10-10,1.0
2024-10-11,0.8992370054785754
2024-10-14,0.6080096188722358
2024-10-15,0.40236164427871335
2024-10-16,0.8046123598099032
2024-10-17,0.8979171530839607
2024-10-18,0.8992459327139664
2024-10-21,0.8984506769235109
2024-10-22,0.8986493542368582
2024-10-23,0.8979543535747057
2024-10-24,0.7986291229012703
2024-10-25,0.898792905797497
2024-10-28,0.8975142431724797
2024-10-29,0.8974026831374387
2024-10-30,0.8964370340097315
2024-10-31,0.8983331573310213
2024-11-01,0.8966720681162407
2024-11-04,0.8968700797317564
2024-11-05,0.8958067672544524
2024-11-06,0.7878498987355504
2024-11-07,0.8881249662943509
2024-11-08,0.8894481707741606
2024-11-11,0.8881007282509685
2024-11-12,0.8863708402932946
2024-11-13,0.8874345846903383
2024-11-14,0.8891807839738395
2024-11-15,0.8891807839738395
2024-11-18,0.8882946974036232
2024-11-19,0.8864915904247744
2024-11-20,0.8861656396257375
2024-11-21,0.7854028633421493
2024-11-22,0.8846974815731398
2024-11-25,0.7843013920471051
2024-11-26,0.8850066883342786
2024-11-27,0.8840926291822109
2024-11-29,0.8837083282414637
2024-12-02,0.7865694085119703
2024-12-03,0.7846259764487379
2024-12-04,0.8853551458489608
2024-12-05,0.8869452801831481
2024-12-06,0.7879489990765911
2024-12-09,0.8870140084254929
2024-12-10,0.8870502675348024
2024-12-11,0.886989831185609
2024-12-12,0.8872678936843442
2024-12-13,0.8876187388015071
2024-12-16,0.8884910020365491
2024-12-17,0.8864101014882649
2024-12-18,0.8883939971939371
2024-12-19,0.8882000510403762
2024-12-20,0.8873646527481472
2024-12-23,0.7867829464969879
2024-12-24,0.8863997480935938
2024-12-26,0.8852551854582974
2024-12-27,0.8862911930150423
2024-12-30,0.8873658951863708
2024-12-31,0.8873175368913846
2025-01-02,0.8883826106416941
2025-01-03,0.7872918189762911
2025-01-06,0.7865177155441778
2025-01-07,0.7865644743466398
2025-01-08,0.7846509849945005
2025-01-10,0.7821545869389395
2025-01-13,0.8810564966512149
2025-01-14,0.8798560703712618
2025-01-15,0.6793478594830258
2025-01-16,0.8769753595050984
2025-01-17,0.7770279915150096
2025-01-21,0.5778208369023821
2025-01-22,0.8742115187374488
2025-01-23,0.8752733440964435
2025-01-24,0.8747775077853479
2025-01-27,0.8757933910327224
2025-01-28,0.8746595265971955
2025-01-29,0.8748365013127963
2025-01-30,0.8744472532292858
2025-01-31,0.8749191128238563
2025-02-03,0.8750725820365158
2025-02-04,0.8755569302936312
2025-02-05,0.8752969655076728
2025-02-06,0.8805855207003815
2025-02-07,0.8809802447968762
2025-02-10,0.8812675508336226
2025-02-11,0.8849954134568704
2025-02-12,1.0
2025-02-13,1.0
2025-02-14,1.0
2025-02-18,1.0
2025-02-19,1.0
2025-02-20,1.0
2025-02-21,1.0
2025-02-24,1.0
2025-02-25,1.0
2025-02-26,1.0
2025-02-27,1.0
2025-02-28,1.0
2025-03-03,1.0
2025-03-04,1.0
2025-03-05,1.0
2025-03-06,1.0
2025-03-07,1.0
2025-03-10,1.0
2025-03-11,1.0
2025-03-12,1.0
2025-03-13,1.0
2025-03-14,1.0
2025-03-17,1.0
2025-03-18,1.0
2025-03-19,1.0
2025-03-20,1.0
2025-03-21,1.0
2025-03-24,1.0
2025-03-25,1.0
2025-03-26,1.0
2025-03-27,1.0
2025-03-28,1.0
2025-03-31,1.0
2025-04-01,1.0
2025-04-02,1.0
2025-04-03,1.0
2025-04-04,1.0
2025-04-07,1.0
2025-04-08,1.0
2025-04-09,1.0
2025-04-10,1.0
2025-04-11,1.0
2025-04-14,1.0
2025-04-15,1.0
2025-04-16,1.0
2025-04-17,1.0
2025-04-21,1.0
2025-04-22,1.0
2025-04-23,1.0
2025-04-24,1.0
2025-04-25,1.0
2025-04-28,1.0
2025-04-29,1.0
2025-04-30,1.0
2025-05-01,1.0
2025-05-02,1.0
2025-05-05,1.0
2025-05-06,1.0
2025-05-07,1.0
2025-05-08,1.0
2025-05-09,1.0
2025-05-12,1.0
2025-05-13,1.0
2025-05-14,1.0
2025-05-15,1.0
2025-05-16,1.0
2025-05-19,0.9011850767025914
2025-05-20,1.0
2025-05-21,1.0
2025-05-22,1.0
2025-05-23,1.0
2025-05-27,1.0
2025-05-28,1.0
2025-05-29,1.0
2025-05-30,1.0
2025-06-02,1.0
2025-06-03,1.0
2025-06-04,1.0
2025-06-05,1.0
2025-06-06,1.0
2025-06-09,1.0
2025-06-10,1.0
2025-06-11,1.0
2025-06-12,1.0
2025-06-13,1.0
2025-06-16,1.0
2025-06-17,1.0
2025-06-18,1.0
2025-06-20,1.0
2025-06-23,1.0
2025-06-24,1.0
2025-06-25,1.0
2025-06-26,0.9038198290854229
2025-06-27,1.0
2025-06-30,0.9024079500967668
2025-07-01,1.0
2025-07-02,1.0
2025-07-03,1.0
2025-07-07,1.0
2025-07-08,1.0
2025-07-09,1.0
2025-07-10,0.9040051687934247
2025-07-11,1.0
2025-07-14,1.0
2025-07-15,1.0
2025-07-16,1.0
2025-07-17,1.0
2025-07-18,0.900812458628275
2025-07-21,0.8988881894780034
2025-07-22,1.0
2025-07-23,1.0
2025-07-24,1.0
2025-07-25,1.0
2025-07-28,1.0
2025-07-29,1.0
2025-07-30,1.0
2025-07-31,0.9029346204128249
2025-08-01,1.0
2025-08-04,1.0
2025-08-05,1.0
2025-08-06,1.0
2025-08-07,1.0
2025-08-08,1.0
2025-08-11,0.9010896667334024
2025-08-12,1.0
2025-08-13,1.0
2025-08-14,1.0
2025-08-15,1.0
2025-08-18,1.0
2025-08-19,1.0
2025-08-20,1.0
2025-08-21,1.0
2025-08-22,1.0
2025-08-25,0.8998696875180666
2025-08-26,0.9001322942645734
2025-08-27,1.0
2025-08-28,1.0
2025-08-29,1.0
2025-09-02,1.0
2025-09-03,0.9007155084337481
2025-09-04,1.0
2025-09-05,1.0
2025-09-08,0.9008446074060906
2025-09-09,0.9049032640729363
2025-09-10,1.0
2025-09-11,1.0
2025-09-12,1.0
2025-09-15,1.0
2025-09-16,1.0
2025-09-17,1.0
2025-09-18,1.0
2025-09-19,1.0
2025-09-22,1.0
2025-09-23,1.0
2025-09-24,1.0
2025-09-25,1.0
2025-09-26,1.0
2025-09-29,0.9048923808612821
2025-09-30,0.900437337895867
2025-10-01,1.0
2025-10-02,1.0
2025-10-03,0.8979539165478864
2025-10-06,0.9008071777437866
2025-10-07,1.0
2025-10-08,0.9004776046066272
2025-10-09,1.0
2025-10-10,1.0
2025-10-13,1.0
2025-10-14,1.0
2025-10-15,0.8999252204218644
2025-10-16,1.0
2025-10-17,0.8974822447361105
2025-10-20,1.0
2025-10-21,0.9017562161323355
2025-10-22,1.0
2025-10-23,1.0
2025-10-24,0.9001132795929764
2025-10-27,0.9010991276421789
2025-10-28,1.0
2025-10-29,1.0
2025-10-30,1.0
2025-10-31,1.0
2025-11-03,1.0
2025-11-04,0.9006647663986642
2025-11-05,1.0
2025-11-06,1.0
2025-11-07,1.0
2025-11-10,0.8065518138920373
2025-11-11,1.0
2025-11-12,1.0
2025-11-13,1.0
2025-11-14,1.0
2025-11-17,1.0
2025-11-18,1.0
2025-11-19,1.0
2025-11-20,1.0
2025-11-21,1.0
2025-11-24,1.0
2025-11-25,0.6982351923243637
2025-11-26,1.0
2025-11-28,1.0
2025-12-01,0.9001563565342213
2025-12-02,0.90412843755264
2025-12-03,1.0
2025-12-04,0.90056916278457
2025-12-05,1.0
2025-12-08,0.899915555589013
2025-12-09,1.0
2025-12-10,1.0
2025-12-11,1.0
2025-12-12,1.0
2025-12-15,1.0
2025-12-16,1.0
2025-12-17,1.0
2025-12-18,1.0
2025-12-19,1.0
2025-12-22,1.0
2025-12-23,1.0
2025-12-24,1.0
2025-12-26,1.0
2025-12-29,1.0
2025-12-30,1.0
2025-12-31,1.0
2026-01-02,1.0
2026-01-05,1.0
2026-01-06,1.0
2026-01-07,1.0
2026-01-08,1.0
2026-01-09,1.0
2026-01-12,1.0
2026-01-13,1.0
2026-01-14,1.0
2026-01-15,0.8992322200698033
2026-01-16,1.0
2026-01-20,1.0
2026-01-21,1.0
2026-01-22,1.0
2026-01-23,1.0
2026-01-26,1.0
2026-01-27,1.0
2026-01-28,1.0
2026-01-29,1.0
2026-01-30,1.0
2026-02-02,1.0
2026-02-03,1.0
2026-02-04,1.0
2026-02-05,1.0
2026-02-06,1.0
2026-02-09,1.0
2026-02-10,1.0
2026-02-11,1.0
2026-02-12,1.0
2026-02-13,1.0
2026-02-17,0.9016738170312159
2026-02-18,0.9030774490571216
2026-02-19,0.9094937072992785
2026-02-20,0.9004502525040189
2026-02-23,1.0
2026-02-24,1.0
2026-02-25,1.0
2026-02-26,1.0
2026-02-27,1.0
2026-03-02,1.0
2026-03-03,0.9032020754363211
2026-03-04,0.9009705623247769
2026-03-05,1.0
2026-03-06,1.0
2026-03-09,1.0
2026-03-10,1.0
2026-03-11,1.0
2026-03-12,1.0
2026-03-13,1.0
2026-03-16,1.0
2026-03-17,1.0
2026-03-18,0.9022296565996815
2026-03-19,0.9009329057197712
2026-03-20,1.0
2026-03-23,1.0
2026-03-24,1.0
2026-03-25,1.0
2026-03-26,1.0
2026-03-27,1.0
2026-03-30,1.0
2026-03-31,1.0
2026-04-01,1.0
2026-04-02,1.0
2026-04-06,1.0
2026-04-07,1.0
2026-04-08,1.0
2026-04-09,1.0
2026-04-10,1.0
2026-04-13,1.0
2026-04-14,1.0
2026-04-15,1.0
2026-04-16,1.0
2026-04-17,1.0
2026-04-20,1.0
2026-04-21,1.0
2026-04-22,0.8996270000633045
2026-04-23,0.8990599615587735
2026-04-24,1.0
2026-04-27,1.0
2026-04-28,1.0
2026-04-29,1.0
2026-04-30,0.89776137010436
2026-05-01,1.0
2026-05-04,1.0
2026-05-05,1.0
2026-05-06,1.0
2026-05-07,1.0
2026-05-08,1.0
2026-05-11,0.9025581695060354
2026-05-12,1.0
2026-05-13,1.0
2026-05-14,1.0
2026-05-15,1.0
2026-05-18,1.0
2026-05-19,1.0
2026-05-20,1.0
2026-05-21,1.0
2026-05-22,1.0
2026-05-26,0.8991547693129002
2026-05-27,1.0
2026-05-28,1.0
2026-05-29,1.0
2026-06-01,1.0
2026-06-02,0.9000788334834314
2026-06-03,0.8993220327142012
2026-06-04,1.0
2026-06-05,0.9003524608639404
2026-06-08,0.8990906414919996
2026-06-09,1.0
2026-06-10,1.0
2026-06-11,1.0
2026-06-12,1.0
2026-06-15,0.9011058796550121
2026-06-16,1.0
2026-06-17,1.0
2026-06-18,1.0
2026-06-22,1.0
2026-06-23,1.0
2026-06-24,1.0
2026-06-25,1.0
2026-06-26,1.0
2026-06-29,1.0
2026-06-30,1.0
2026-07-01,0.9051078979131698
2026-07-02,1.0
2026-07-06,1.0
2026-07-07,1.0
2026-07-08,1.0
2026-07-09,1.0
2026-07-10,0.9035948890322684
2026-07-13,1.0
2026-07-14,1.0
2026-07-15,1.0
2026-07-16,1.0
2026-07-17,1.0
2026-07-20,1.0
2026-07-21,1.0
2026-07-22,1.0
2026-07-23,1.0
2026-07-24,1.0
2026-07-27,1.0
2026-07-28,0.8998189632617365
2026-07-29,0.8949493648840061
2026-07-30,0.8928240187560208
2026-07-31,0.8933932388791616
2026-08-03,0.7927397178432066
2026-08-04,0.8920804771388073
2026-08-05,0.8921670605713443
2026-08-06,0.7913793918447537
2026-08-07,0.7942129672943721
2026-08-10,0.6963234629208179
2026-08-11,0.7950286576389175
2026-08-12,0.7935447537088282
2026-08-13,0.7933017062401637
2026-08-14,0.7954989440123369
2026-08-17,0.893368048788404
2026-08-18,0.7948751540296248
2026-08-19,0.8953878461347445
2026-08-20,0.894286189709578
2026-08-21,0.8933092187817824
2026-08-24,0.8943735222315713
2026-08-25,0.8939893853355975
